ds,trend,yhat_lower,yhat_upper,trend_lower,trend_upper,Chinese New Year,Chinese New Year_lower,Chinese New Year_upper,Chinese New Year (Observed),Chinese New Year (Observed)_lower,Chinese New Year (Observed)_upper,Christmas Day,Christmas Day_lower,Christmas Day_upper,Christmas Day (Observed),Christmas Day (Observed)_lower,Christmas Day (Observed)_upper,Deepavali,Deepavali_lower,Deepavali_upper,Deepavali (Observed),Deepavali (Observed)_lower,Deepavali (Observed)_upper,Good Friday,Good Friday_lower,Good Friday_upper,Hari Raya Haji,Hari Raya Haji_lower,Hari Raya Haji_upper,Hari Raya Haji (Observed),Hari Raya Haji (Observed)_lower,Hari Raya Haji (Observed)_upper,Hari Raya Puasa,Hari Raya Puasa_lower,Hari Raya Puasa_upper,Labour Day,Labour Day_lower,Labour Day_upper,Labour Day (Observed),Labour Day (Observed)_lower,Labour Day (Observed)_upper,National Day,National Day_lower,National Day_upper,New Year's Day,New Year's Day_lower,New Year's Day_upper,New Year's Day (Observed),New Year's Day (Observed)_lower,New Year's Day (Observed)_upper,Polling Day,Polling Day_lower,Polling Day_upper,Vesak Day,Vesak Day_lower,Vesak Day_upper,Vesak Day (Observed),Vesak Day (Observed)_lower,Vesak Day (Observed)_upper,additive_terms,additive_terms_lower,additive_terms_upper,daily,daily_lower,daily_upper,holidays,holidays_lower,holidays_upper,monthly,monthly_lower,monthly_upper,weekly,weekly_lower,weekly_upper,yearly,yearly_lower,yearly_upper,multiplicative_terms,multiplicative_terms_lower,multiplicative_terms_upper,yhat
2022-01-09,8.758882152,1657.1564735820307,4259.3292892355885,8.758882152,8.758882152,0.0,0.0,0.0,0.0,0.0,0.0,0.0,0.0,0.0,0.0,0.0,0.0,0.0,0.0,0.0,0.0,0.0,0.0,0.0,0.0,0.0,0.0,0.0,0.0,0.0,0.0,0.0,0.0,0.0,0.0,0.0,0.0,0.0,0.0,0.0,0.0,0.0,0.0,0.0,0.0,0.0,0.0,0.0,0.0,0.0,0.0,0.0,0.0,0.0,0.0,0.0,0.0,0.0,0.0,2942.4459896723356,2942.4459896723356,2942.4459896723356,3460.5305439999956,3460.5305439999956,3460.5305439999956,0.0,0.0,0.0,-1641.0452676375885,-1641.0452676375885,-1641.0452676375885,1942.4838528055002,1942.4838528055002,1942.4838528055002,-819.5231394955717,-819.5231394955717,-819.5231394955717,0.0,0.0,0.0,2951.2048718243354
2022-01-16,12.216869448428572,1868.7090061655797,4442.285935858645,12.216869448428572,12.216869448428572,0.0,0.0,0.0,0.0,0.0,0.0,0.0,0.0,0.0,0.0,0.0,0.0,0.0,0.0,0.0,0.0,0.0,0.0,0.0,0.0,0.0,0.0,0.0,0.0,0.0,0.0,0.0,0.0,0.0,0.0,0.0,0.0,0.0,0.0,0.0,0.0,0.0,0.0,0.0,0.0,0.0,0.0,0.0,0.0,0.0,0.0,0.0,0.0,0.0,0.0,0.0,0.0,0.0,0.0,3148.4050886228392,3148.4050886228392,3148.4050886228392,3460.530543999998,3460.530543999998,3460.530543999998,0.0,0.0,0.0,-1193.2906691892529,-1193.2906691892529,-1193.2906691892529,1942.4838528055002,1942.4838528055002,1942.4838528055002,-1061.318638993405,-1061.318638993405,-1061.318638993405,0.0,0.0,0.0,3160.6219580712677
2022-01-23,15.674856744857145,2697.025439600585,5341.884609135211,15.674856744857145,15.674856744857145,0.0,0.0,0.0,0.0,0.0,0.0,0.0,0.0,0.0,0.0,0.0,0.0,0.0,0.0,0.0,0.0,0.0,0.0,0.0,0.0,0.0,0.0,0.0,0.0,0.0,0.0,0.0,0.0,0.0,0.0,0.0,0.0,0.0,0.0,0.0,0.0,0.0,0.0,0.0,0.0,0.0,0.0,0.0,0.0,0.0,0.0,0.0,0.0,0.0,0.0,0.0,0.0,0.0,0.0,3963.3576674745314,3963.3576674745314,3963.3576674745314,3460.5305440000016,3460.5305440000016,3460.5305440000016,0.0,0.0,0.0,-165.73473178194865,-165.73473178194865,-165.73473178194865,1942.4838528055002,1942.4838528055002,1942.4838528055002,-1273.9219975490205,-1273.9219975490205,-1273.9219975490205,0.0,0.0,0.0,3979.0325242193885
2022-01-30,19.132844031652503,1808.3513008874536,4403.931416132,19.132844031652503,19.132844031652503,0.0,0.0,0.0,0.0,0.0,0.0,0.0,0.0,0.0,0.0,0.0,0.0,0.0,0.0,0.0,0.0,0.0,0.0,0.0,0.0,0.0,0.0,0.0,0.0,0.0,0.0,0.0,0.0,0.0,0.0,0.0,0.0,0.0,0.0,0.0,0.0,0.0,0.0,0.0,0.0,0.0,0.0,0.0,0.0,0.0,0.0,0.0,0.0,0.0,0.0,0.0,0.0,0.0,0.0,3052.417939459394,3052.417939459394,3052.417939459394,3460.5305440000016,3460.5305440000016,3460.5305440000016,0.0,0.0,0.0,-902.1502463793411,-902.1502463793411,-902.1502463793411,1942.4838528055009,1942.4838528055009,1942.4838528055009,-1448.4462109667668,-1448.4462109667668,-1448.4462109667668,0.0,0.0,0.0,3071.5507834910463
2022-02-06,22.59083131844787,1519.8897650955175,4065.119412679982,22.59083131844787,22.59083131844787,0.0,0.0,0.0,0.0,0.0,0.0,0.0,0.0,0.0,0.0,0.0,0.0,0.0,0.0,0.0,0.0,0.0,0.0,0.0,0.0,0.0,0.0,0.0,0.0,0.0,0.0,0.0,0.0,0.0,0.0,0.0,0.0,0.0,0.0,0.0,0.0,0.0,0.0,0.0,0.0,0.0,0.0,0.0,0.0,0.0,0.0,0.0,0.0,0.0,0.0,0.0,0.0,0.0,0.0,2747.99525575471,2747.99525575471,2747.99525575471,3460.530543999999,3460.530543999999,3460.530543999999,0.0,0.0,0.0,-1077.3303510627777,-1077.3303510627777,-1077.3303510627777,1942.4838528055006,1942.4838528055006,1942.4838528055006,-1577.6887899880112,-1577.6887899880112,-1577.6887899880112,0.0,0.0,0.0,2770.5860870731576
2022-02-13,26.048818609514292,3522.033518305097,6183.954128443573,26.048818609514292,26.048818609514292,0.0,0.0,0.0,0.0,0.0,0.0,0.0,0.0,0.0,0.0,0.0,0.0,0.0,0.0,0.0,0.0,0.0,0.0,0.0,0.0,0.0,0.0,0.0,0.0,0.0,0.0,0.0,0.0,0.0,0.0,0.0,0.0,0.0,0.0,0.0,0.0,0.0,0.0,0.0,0.0,0.0,0.0,0.0,0.0,0.0,0.0,0.0,0.0,0.0,0.0,0.0,0.0,0.0,0.0,4807.034466714412,4807.034466714412,4807.034466714412,3460.530543999999,3460.530543999999,3460.530543999999,0.0,0.0,0.0,1060.5259827803334,1060.5259827803334,1060.5259827803334,1942.4838528055002,1942.4838528055002,1942.4838528055002,-1656.5059128714197,-1656.5059128714197,-1656.5059128714197,0.0,0.0,0.0,4833.083285323926
2022-02-20,29.506805891882156,2240.565408207124,4822.989205331088,29.506805891882156,29.506805891882156,0.0,0.0,0.0,0.0,0.0,0.0,0.0,0.0,0.0,0.0,0.0,0.0,0.0,0.0,0.0,0.0,0.0,0.0,0.0,0.0,0.0,0.0,0.0,0.0,0.0,0.0,0.0,0.0,0.0,0.0,0.0,0.0,0.0,0.0,0.0,0.0,0.0,0.0,0.0,0.0,0.0,0.0,0.0,0.0,0.0,0.0,0.0,0.0,0.0,0.0,0.0,0.0,0.0,0.0,3566.332498375333,3566.332498375333,3566.332498375333,3460.530543999998,3460.530543999998,3460.530543999998,0.0,0.0,0.0,-154.6061106549021,-154.6061106549021,-154.6061106549021,1942.4838528055002,1942.4838528055002,1942.4838528055002,-1682.075787775262,-1682.075787775262,-1682.075787775262,0.0,0.0,0.0,3595.8393042672155
2022-02-27,32.964793174250026,3506.6207775115968,6048.438120223164,32.964793174250026,32.964793174250026,0.0,0.0,0.0,0.0,0.0,0.0,0.0,0.0,0.0,0.0,0.0,0.0,0.0,0.0,0.0,0.0,0.0,0.0,0.0,0.0,0.0,0.0,0.0,0.0,0.0,0.0,0.0,0.0,0.0,0.0,0.0,0.0,0.0,0.0,0.0,0.0,0.0,0.0,0.0,0.0,0.0,0.0,0.0,0.0,0.0,0.0,0.0,0.0,0.0,0.0,0.0,0.0,0.0,0.0,4733.3700056932885,4733.3700056932885,4733.3700056932885,3460.530543999994,3460.530543999994,3460.530543999994,0.0,0.0,0.0,984.3921180648772,984.3921180648772,984.3921180648772,1942.4838528055006,1942.4838528055006,1942.4838528055006,-1654.0365091770836,-1654.0365091770836,-1654.0365091770836,0.0,0.0,0.0,4766.334798867539
2022-03-06,36.422780451199614,2601.4468601308567,5177.321757963331,36.422780451199614,36.422780451199614,0.0,0.0,0.0,0.0,0.0,0.0,0.0,0.0,0.0,0.0,0.0,0.0,0.0,0.0,0.0,0.0,0.0,0.0,0.0,0.0,0.0,0.0,0.0,0.0,0.0,0.0,0.0,0.0,0.0,0.0,0.0,0.0,0.0,0.0,0.0,0.0,0.0,0.0,0.0,0.0,0.0,0.0,0.0,0.0,0.0,0.0,0.0,0.0,0.0,0.0,0.0,0.0,0.0,0.0,3831.2068903047098,3831.2068903047098,3831.2068903047098,3460.5305439999966,3460.5305439999966,3460.5305439999966,0.0,0.0,0.0,2.6833069639704625,2.6833069639704625,2.6833069639704625,1942.4838528055006,1942.4838528055006,1942.4838528055006,-1574.4908134647574,-1574.4908134647574,-1574.4908134647574,0.0,0.0,0.0,3867.6296707559095
2022-03-13,39.88076772814921,3122.272168597202,5694.815478872545,39.88076772814921,39.88076772814921,0.0,0.0,0.0,0.0,0.0,0.0,0.0,0.0,0.0,0.0,0.0,0.0,0.0,0.0,0.0,0.0,0.0,0.0,0.0,0.0,0.0,0.0,0.0,0.0,0.0,0.0,0.0,0.0,0.0,0.0,0.0,0.0,0.0,0.0,0.0,0.0,0.0,0.0,0.0,0.0,0.0,0.0,0.0,0.0,0.0,0.0,0.0,0.0,0.0,0.0,0.0,0.0,0.0,0.0,4381.850532739551,4381.850532739551,4381.850532739551,3460.53054399999,3460.53054399999,3460.53054399999,0.0,0.0,0.0,426.7138287992609,426.7138287992609,426.7138287992609,1942.4838528055,1942.4838528055,1942.4838528055,-1447.877692865197,-1447.877692865197,-1447.877692865197,0.0,0.0,0.0,4421.731300467701
2022-03-20,43.33875499641131,2657.4337918242113,5233.0977144332055,43.33875499641131,43.33875499641131,0.0,0.0,0.0,0.0,0.0,0.0,0.0,0.0,0.0,0.0,0.0,0.0,0.0,0.0,0.0,0.0,0.0,0.0,0.0,0.0,0.0,0.0,0.0,0.0,0.0,0.0,0.0,0.0,0.0,0.0,0.0,0.0,0.0,0.0,0.0,0.0,0.0,0.0,0.0,0.0,0.0,0.0,0.0,0.0,0.0,0.0,0.0,0.0,0.0,0.0,0.0,0.0,0.0,0.0,3896.4445238249245,3896.4445238249245,3896.4445238249245,3460.530543999998,3460.530543999998,3460.530543999998,0.0,0.0,0.0,-225.85149309753402,-225.85149309753402,-225.85149309753402,1942.4838528055009,1942.4838528055009,1942.4838528055009,-1280.7183798830372,-1280.7183798830372,-1280.7183798830372,0.0,0.0,0.0,3939.783278821336
2022-03-27,46.79674226467342,4663.496764090056,7154.516406258042,46.79674226467342,46.79674226467342,0.0,0.0,0.0,0.0,0.0,0.0,0.0,0.0,0.0,0.0,0.0,0.0,0.0,0.0,0.0,0.0,0.0,0.0,0.0,0.0,0.0,0.0,0.0,0.0,0.0,0.0,0.0,0.0,0.0,0.0,0.0,0.0,0.0,0.0,0.0,0.0,0.0,0.0,0.0,0.0,0.0,0.0,0.0,0.0,0.0,0.0,0.0,0.0,0.0,0.0,0.0,0.0,0.0,0.0,5889.016569453527,5889.016569453527,5889.016569453527,3460.530543999997,3460.530543999997,3460.530543999997,0.0,0.0,0.0,1567.253504993482,1567.253504993482,1567.253504993482,1942.4838528055006,1942.4838528055006,1942.4838528055006,-1081.2513323454532,-1081.2513323454532,-1081.2513323454532,0.0,0.0,0.0,5935.813311718201
2022-04-03,50.25472952461351,4061.066677567281,6561.050833605389,50.25472952461351,50.25472952461351,0.0,0.0,0.0,0.0,0.0,0.0,0.0,0.0,0.0,0.0,0.0,0.0,0.0,0.0,0.0,0.0,0.0,0.0,0.0,0.0,0.0,0.0,0.0,0.0,0.0,0.0,0.0,0.0,0.0,0.0,0.0,0.0,0.0,0.0,0.0,0.0,0.0,0.0,0.0,0.0,0.0,0.0,0.0,0.0,0.0,0.0,0.0,0.0,0.0,0.0,0.0,0.0,0.0,0.0,5267.14130499546,5267.14130499546,5267.14130499546,3460.530543999998,3460.530543999998,3460.530543999998,0.0,0.0,0.0,723.1040312593409,723.1040312593409,723.1040312593409,1942.4838528055002,1942.4838528055002,1942.4838528055002,-858.97712306938,-858.97712306938,-858.97712306938,0.0,0.0,0.0,5317.396034520073
2022-04-10,53.71271677661624,1967.7752974463967,4552.620204201983,53.71271677661624,53.71271677661624,0.0,0.0,0.0,0.0,0.0,0.0,0.0,0.0,0.0,0.0,0.0,0.0,0.0,0.0,0.0,0.0,0.0,0.0,0.0,0.0,0.0,0.0,0.0,0.0,0.0,0.0,0.0,0.0,0.0,0.0,0.0,0.0,0.0,0.0,0.0,0.0,0.0,0.0,0.0,0.0,0.0,0.0,0.0,0.0,0.0,0.0,0.0,0.0,0.0,0.0,0.0,0.0,0.0,0.0,3198.815856815928,3198.815856815928,3198.815856815928,3460.5305439999934,3460.5305439999934,3460.5305439999934,0.0,0.0,0.0,-1580.0593321156252,-1580.0593321156252,-1580.0593321156252,1942.4838528055009,1942.4838528055009,1942.4838528055009,-624.1392078739403,-624.1392078739403,-624.1392078739403,0.0,0.0,0.0,3252.528573592544
2022-04-17,57.170704028618964,2637.623298299115,5264.0245225838025,57.170704028618964,57.170704028618964,0.0,0.0,0.0,0.0,0.0,0.0,0.0,0.0,0.0,0.0,0.0,0.0,0.0,0.0,0.0,0.0,0.0,0.0,0.0,0.0,0.0,0.0,0.0,0.0,0.0,0.0,0.0,0.0,0.0,0.0,0.0,0.0,0.0,0.0,0.0,0.0,0.0,0.0,0.0,0.0,0.0,0.0,0.0,0.0,0.0,0.0,0.0,0.0,0.0,0.0,0.0,0.0,0.0,0.0,3863.548606869518,3863.548606869518,3863.548606869518,3460.530543999999,3460.530543999999,3460.530543999999,0.0,0.0,0.0,-1152.2956695187934,-1152.2956695187934,-1152.2956695187934,1942.4838528055002,1942.4838528055002,1942.4838528055002,-387.1701204171876,-387.1701204171876,-387.1701204171876,0.0,0.0,0.0,3920.7193108981373
2022-04-24,60.628691287517434,3511.705726594765,6084.416860932893,60.628691287517434,60.628691287517434,0.0,0.0,0.0,0.0,0.0,0.0,0.0,0.0,0.0,0.0,0.0,0.0,0.0,0.0,0.0,0.0,0.0,0.0,0.0,0.0,0.0,0.0,0.0,0.0,0.0,0.0,0.0,0.0,0.0,0.0,0.0,0.0,0.0,0.0,0.0,0.0,0.0,0.0,0.0,0.0,0.0,0.0,0.0,0.0,0.0,0.0,0.0,0.0,0.0,0.0,0.0,0.0,0.0,0.0,4695.584239873979,4695.584239873979,4695.584239873979,3460.5305439999997,3460.5305439999997,3460.5305439999997,0.0,0.0,0.0,-549.2956392974431,-549.2956392974431,-549.2956392974431,1942.483852805501,1942.483852805501,1942.483852805501,-158.13451763407753,-158.13451763407753,-158.13451763407753,0.0,0.0,0.0,4756.212931161496
2022-05-01,64.0866785464159,4237.3739727512375,6740.9445761695315,64.0866785464159,64.0866785464159,0.0,0.0,0.0,0.0,0.0,0.0,0.0,0.0,0.0,0.0,0.0,0.0,0.0,0.0,0.0,0.0,0.0,0.0,0.0,0.0,0.0,0.0,0.0,0.0,0.0,0.0,0.0,0.0,0.0,0.0,125.8823492,125.8823492,125.8823492,0.0,0.0,0.0,0.0,0.0,0.0,0.0,0.0,0.0,0.0,0.0,0.0,0.0,0.0,0.0,0.0,0.0,0.0,0.0,0.0,0.0,5438.941799055925,5438.941799055925,5438.941799055925,3460.5305440000016,3460.5305440000016,3460.5305440000016,125.8823492,125.8823492,125.8823492,-143.75437805965464,-143.75437805965464,-143.75437805965464,1942.483852805501,1942.483852805501,1942.483852805501,53.799431110079084,53.799431110079084,53.799431110079084,0.0,0.0,0.0,5503.028477602341
2022-05-08,67.54466579808997,3809.718143138502,6315.055968716868,67.54466579808997,67.54466579808997,0.0,0.0,0.0,0.0,0.0,0.0,0.0,0.0,0.0,0.0,0.0,0.0,0.0,0.0,0.0,0.0,0.0,0.0,0.0,0.0,0.0,0.0,0.0,0.0,0.0,0.0,0.0,0.0,0.0,0.0,0.0,0.0,0.0,0.0,0.0,0.0,0.0,0.0,0.0,0.0,0.0,0.0,0.0,0.0,0.0,0.0,0.0,0.0,0.0,0.0,0.0,0.0,0.0,0.0,4946.672702292811,4946.672702292811,4946.672702292811,3460.5305439999993,3460.5305439999993,3460.5305439999993,0.0,0.0,0.0,-697.1722515459605,-697.1722515459605,-697.1722515459605,1942.4838528055002,1942.4838528055002,1942.4838528055002,240.83055703327344,240.83055703327344,240.83055703327344,0.0,0.0,0.0,5014.217368090901
2022-05-15,71.00265304976404,3790.0699586120986,6291.565814143692,71.00265304976404,71.00265304976404,0.0,0.0,0.0,0.0,0.0,0.0,0.0,0.0,0.0,0.0,0.0,0.0,0.0,0.0,0.0,0.0,0.0,0.0,0.0,0.0,0.0,0.0,0.0,0.0,0.0,0.0,0.0,0.0,0.0,0.0,0.0,0.0,0.0,0.0,0.0,0.0,0.0,0.0,0.0,0.0,0.0,0.0,0.0,0.0,0.0,0.0,0.0,0.0,-1307.0194840000001,-1307.0194840000001,-1307.0194840000001,0.0,0.0,0.0,4998.171409054753,4998.171409054753,4998.171409054753,3460.530543999997,3460.530543999997,3460.530543999997,-1307.0194840000001,-1307.0194840000001,-1307.0194840000001,505.2656977862767,505.2656977862767,505.2656977862767,1942.4838528055002,1942.4838528055002,1942.4838528055002,396.91079846298067,396.91079846298067,396.91079846298067,0.0,0.0,0.0,5069.174062104517
2022-05-22,74.46064029214922,4719.384387557446,7449.702984905331,74.46064029214922,74.46064029214922,0.0,0.0,0.0,0.0,0.0,0.0,0.0,0.0,0.0,0.0,0.0,0.0,0.0,0.0,0.0,0.0,0.0,0.0,0.0,0.0,0.0,0.0,0.0,0.0,0.0,0.0,0.0,0.0,0.0,0.0,0.0,0.0,0.0,0.0,0.0,0.0,0.0,0.0,0.0,0.0,0.0,0.0,0.0,0.0,0.0,0.0,0.0,0.0,0.0,0.0,0.0,0.0,0.0,0.0,5968.825549726238,5968.825549726238,5968.825549726238,3460.530543999998,3460.530543999998,3460.530543999998,0.0,0.0,0.0,47.785608980040315,47.785608980040315,47.785608980040315,1942.4838528055,1942.4838528055,1942.4838528055,518.0255439407005,518.0255439407005,518.0255439407005,0.0,0.0,0.0,6043.286190018387
2022-05-29,77.91862754299326,6509.641268496896,9008.144143919286,77.91862754299326,77.91862754299326,0.0,0.0,0.0,0.0,0.0,0.0,0.0,0.0,0.0,0.0,0.0,0.0,0.0,0.0,0.0,0.0,0.0,0.0,0.0,0.0,0.0,0.0,0.0,0.0,0.0,0.0,0.0,0.0,0.0,0.0,0.0,0.0,0.0,0.0,0.0,0.0,0.0,0.0,0.0,0.0,0.0,0.0,0.0,0.0,0.0,0.0,0.0,0.0,0.0,0.0,0.0,0.0,0.0,0.0,7674.977435384454,7674.977435384454,7674.977435384454,3460.530544,3460.530544,3460.530544,0.0,0.0,0.0,1669.6100126033778,1669.6100126033778,1669.6100126033778,1942.4838528055006,1942.4838528055006,1942.4838528055006,602.3530259755762,602.3530259755762,602.3530259755762,0.0,0.0,0.0,7752.896062927447
2022-06-05,81.37661479383733,5319.193821712776,7983.509452852424,81.37661479383733,81.37661479383733,0.0,0.0,0.0,0.0,0.0,0.0,0.0,0.0,0.0,0.0,0.0,0.0,0.0,0.0,0.0,0.0,0.0,0.0,0.0,0.0,0.0,0.0,0.0,0.0,0.0,0.0,0.0,0.0,0.0,0.0,0.0,0.0,0.0,0.0,0.0,0.0,0.0,0.0,0.0,0.0,0.0,0.0,0.0,0.0,0.0,0.0,0.0,0.0,0.0,0.0,0.0,0.0,0.0,0.0,6556.813541183921,6556.813541183921,6556.813541183921,3460.530543999995,3460.530543999995,3460.530543999995,0.0,0.0,0.0,503.50453172792834,503.50453172792834,503.50453172792834,1942.4838528055009,1942.4838528055009,1942.4838528055009,650.2946126504978,650.2946126504978,650.2946126504978,0.0,0.0,0.0,6638.190155977759
2022-06-12,84.83460204545955,4589.264796135118,7169.290039509056,84.83460204545955,84.83460204545955,0.0,0.0,0.0,0.0,0.0,0.0,0.0,0.0,0.0,0.0,0.0,0.0,0.0,0.0,0.0,0.0,0.0,0.0,0.0,0.0,0.0,0.0,0.0,0.0,0.0,0.0,0.0,0.0,0.0,0.0,0.0,0.0,0.0,0.0,0.0,0.0,0.0,0.0,0.0,0.0,0.0,0.0,0.0,0.0,0.0,0.0,0.0,0.0,0.0,0.0,0.0,0.0,0.0,0.0,5798.17802340159,5798.17802340159,5798.17802340159,3460.5305440000025,3460.5305440000025,3460.5305440000025,0.0,0.0,0.0,-269.2117062376476,-269.2117062376476,-269.2117062376476,1942.483852805501,1942.483852805501,1942.483852805501,664.3753328337347,664.3753328337347,664.3753328337347,0.0,0.0,0.0,5883.012625447049
2022-06-19,88.29258929708173,4553.885706653105,7283.471626060884,88.29258929708173,88.29258929708173,0.0,0.0,0.0,0.0,0.0,0.0,0.0,0.0,0.0,0.0,0.0,0.0,0.0,0.0,0.0,0.0,0.0,0.0,0.0,0.0,0.0,0.0,0.0,0.0,0.0,0.0,0.0,0.0,0.0,0.0,0.0,0.0,0.0,0.0,0.0,0.0,0.0,0.0,0.0,0.0,0.0,0.0,0.0,0.0,0.0,0.0,0.0,0.0,0.0,0.0,0.0,0.0,0.0,0.0,5893.347477454976,5893.347477454976,5893.347477454976,3460.530543999995,3460.530543999995,3460.530543999995,0.0,0.0,0.0,-158.6884012879509,-158.6884012879509,-158.6884012879509,1942.4838528055009,1942.4838528055009,1942.4838528055009,649.0214819374302,649.0214819374302,649.0214819374302,0.0,0.0,0.0,5981.6400667520575
2022-06-26,91.75057654259324,6209.300530824531,8774.710310414015,91.75057654259324,91.75057654259324,0.0,0.0,0.0,0.0,0.0,0.0,0.0,0.0,0.0,0.0,0.0,0.0,0.0,0.0,0.0,0.0,0.0,0.0,0.0,0.0,0.0,0.0,0.0,0.0,0.0,0.0,0.0,0.0,0.0,0.0,0.0,0.0,0.0,0.0,0.0,0.0,0.0,0.0,0.0,0.0,0.0,0.0,0.0,0.0,0.0,0.0,0.0,0.0,0.0,0.0,0.0,0.0,0.0,0.0,7406.338486782209,7406.338486782209,7406.338486782209,3460.5305439999975,3460.5305439999975,3460.5305439999975,0.0,0.0,0.0,1393.0948348431107,1393.0948348431107,1393.0948348431107,1942.4838528055009,1942.4838528055009,1942.4838528055009,610.2292551335992,610.2292551335992,610.2292551335992,0.0,0.0,0.0,7498.089063324802
2022-07-03,95.20856378810474,4468.450549396817,7133.248288366664,95.20856378810474,95.20856378810474,0.0,0.0,0.0,0.0,0.0,0.0,0.0,0.0,0.0,0.0,0.0,0.0,0.0,0.0,0.0,0.0,0.0,0.0,0.0,0.0,0.0,0.0,0.0,0.0,0.0,0.0,0.0,0.0,0.0,0.0,0.0,0.0,0.0,0.0,0.0,0.0,0.0,0.0,0.0,0.0,0.0,0.0,0.0,0.0,0.0,0.0,0.0,0.0,0.0,0.0,0.0,0.0,0.0,0.0,5711.045725187561,5711.045725187561,5711.045725187561,3460.530543999997,3460.530543999997,3460.530543999997,0.0,0.0,0.0,-247.1133054167492,-247.1133054167492,-247.1133054167492,1942.4838528055006,1942.4838528055006,1942.4838528055006,555.1446337988134,555.1446337988134,555.1446337988134,0.0,0.0,0.0,5806.254288975666
2022-07-10,98.66655104067965,3965.8042461609,6480.030024630459,98.66655104067965,98.66655104067965,0.0,0.0,0.0,0.0,0.0,0.0,0.0,0.0,0.0,0.0,0.0,0.0,0.0,0.0,0.0,0.0,0.0,0.0,0.0,0.0,0.0,902.5740902,902.5740902,902.5740902,0.0,0.0,0.0,0.0,0.0,0.0,0.0,0.0,0.0,0.0,0.0,0.0,0.0,0.0,0.0,0.0,0.0,0.0,0.0,0.0,0.0,0.0,0.0,0.0,0.0,0.0,0.0,0.0,0.0,0.0,5105.319314514219,5105.319314514219,5105.319314514219,3460.5305439999947,3460.5305439999947,3460.5305439999947,902.5740902,902.5740902,902.5740902,-1691.8490189402476,-1691.8490189402476,-1691.8490189402476,1942.4838528055006,1942.4838528055006,1942.4838528055006,491.5798464489725,491.5798464489725,491.5798464489725,0.0,0.0,0.0,5203.985865554898
2022-07-17,102.1245382861685,3866.174219901461,6423.216632115115,102.1245382861685,102.1245382861685,0.0,0.0,0.0,0.0,0.0,0.0,0.0,0.0,0.0,0.0,0.0,0.0,0.0,0.0,0.0,0.0,0.0,0.0,0.0,0.0,0.0,0.0,0.0,0.0,0.0,0.0,0.0,0.0,0.0,0.0,0.0,0.0,0.0,0.0,0.0,0.0,0.0,0.0,0.0,0.0,0.0,0.0,0.0,0.0,0.0,0.0,0.0,0.0,0.0,0.0,0.0,0.0,0.0,0.0,5107.260350861265,5107.260350861265,5107.260350861265,3460.530543999997,3460.530543999997,3460.530543999997,0.0,0.0,0.0,-723.2493897641167,-723.2493897641167,-723.2493897641167,1942.4838528055006,1942.4838528055006,1942.4838528055006,427.49534381988525,427.49534381988525,427.49534381988525,0.0,0.0,0.0,5209.384889147434
2022-07-24,105.58252553165734,3791.848211688916,6314.802553755386,105.58252553165734,105.58252553165734,0.0,0.0,0.0,0.0,0.0,0.0,0.0,0.0,0.0,0.0,0.0,0.0,0.0,0.0,0.0,0.0,0.0,0.0,0.0,0.0,0.0,0.0,0.0,0.0,0.0,0.0,0.0,0.0,0.0,0.0,0.0,0.0,0.0,0.0,0.0,0.0,0.0,0.0,0.0,0.0,0.0,0.0,0.0,0.0,0.0,0.0,0.0,0.0,0.0,0.0,0.0,0.0,0.0,0.0,4986.087355185554,4986.087355185554,4986.087355185554,3460.530544,3460.530544,3460.530544,0.0,0.0,0.0,-787.4052024267521,-787.4052024267521,-787.4052024267521,1942.4838528055006,1942.4838528055006,1942.4838528055006,370.4781608068058,370.4781608068058,370.4781608068058,0.0,0.0,0.0,5091.6698807172115
2022-07-31,109.04051276798117,4887.6485842852535,7482.677305933809,109.04051276798117,109.04051276798117,0.0,0.0,0.0,0.0,0.0,0.0,0.0,0.0,0.0,0.0,0.0,0.0,0.0,0.0,0.0,0.0,0.0,0.0,0.0,0.0,0.0,0.0,0.0,0.0,0.0,0.0,0.0,0.0,0.0,0.0,0.0,0.0,0.0,0.0,0.0,0.0,0.0,0.0,0.0,0.0,0.0,0.0,0.0,0.0,0.0,0.0,0.0,0.0,0.0,0.0,0.0,0.0,0.0,0.0,6103.711211091345,6103.711211091345,6103.711211091345,3460.530544,3460.530544,3460.530544,0.0,0.0,0.0,373.44913933476175,373.44913933476175,373.44913933476175,1942.4838528055009,1942.4838528055009,1942.4838528055009,327.24767495108154,327.24767495108154,327.24767495108154,0.0,0.0,0.0,6212.751723859326
2022-08-07,112.49850000430497,4067.685449808755,6569.954248779547,112.49850000430497,112.49850000430497,0.0,0.0,0.0,0.0,0.0,0.0,0.0,0.0,0.0,0.0,0.0,0.0,0.0,0.0,0.0,0.0,0.0,0.0,0.0,0.0,0.0,0.0,0.0,0.0,0.0,0.0,0.0,0.0,0.0,0.0,0.0,0.0,0.0,0.0,0.0,0.0,0.0,0.0,0.0,0.0,0.0,0.0,0.0,0.0,0.0,0.0,0.0,0.0,0.0,0.0,0.0,0.0,0.0,0.0,5217.149770638683,5217.149770638683,5217.149770638683,3460.530544,3460.530544,3460.530544,0.0,0.0,0.0,-489.0827313518048,-489.0827313518048,-489.0827313518048,1942.4838528055006,1942.4838528055006,1942.4838528055006,303.218105184987,303.218105184987,303.218105184987,0.0,0.0,0.0,5329.648270642988
2022-08-14,115.95648724417687,4684.021788908043,7284.274814772965,115.95648724417687,115.95648724417687,0.0,0.0,0.0,0.0,0.0,0.0,0.0,0.0,0.0,0.0,0.0,0.0,0.0,0.0,0.0,0.0,0.0,0.0,0.0,0.0,0.0,0.0,0.0,0.0,0.0,0.0,0.0,0.0,0.0,0.0,0.0,0.0,0.0,0.0,0.0,0.0,0.0,0.0,0.0,0.0,0.0,0.0,0.0,0.0,0.0,0.0,0.0,0.0,0.0,0.0,0.0,0.0,0.0,0.0,5820.250398157528,5820.250398157528,5820.250398157528,3460.5305439999975,3460.5305439999975,3460.5305439999975,0.0,0.0,0.0,115.09227834775383,115.09227834775383,115.09227834775383,1942.4838528055006,1942.4838528055006,1942.4838528055006,302.143723004277,302.143723004277,302.143723004277,0.0,0.0,0.0,5936.206885401705
2022-08-21,119.41447448404871,4738.497852113107,7271.893171874225,119.41447448404871,119.41447448404871,0.0,0.0,0.0,0.0,0.0,0.0,0.0,0.0,0.0,0.0,0.0,0.0,0.0,0.0,0.0,0.0,0.0,0.0,0.0,0.0,0.0,0.0,0.0,0.0,0.0,0.0,0.0,0.0,0.0,0.0,0.0,0.0,0.0,0.0,0.0,0.0,0.0,0.0,0.0,0.0,0.0,0.0,0.0,0.0,0.0,0.0,0.0,0.0,0.0,0.0,0.0,0.0,0.0,0.0,5921.657669787629,5921.657669787629,5921.657669787629,3460.530543999997,3460.530543999997,3460.530543999997,0.0,0.0,0.0,192.77540584425984,192.77540584425984,192.77540584425984,1942.4838528055002,1942.4838528055002,1942.4838528055002,325.86786713787313,325.86786713787313,325.86786713787313,0.0,0.0,0.0,6041.072144271678
2022-08-28,122.87246172134583,6960.600245552046,9505.141485736056,122.87246172134583,122.87246172134583,0.0,0.0,0.0,0.0,0.0,0.0,0.0,0.0,0.0,0.0,0.0,0.0,0.0,0.0,0.0,0.0,0.0,0.0,0.0,0.0,0.0,0.0,0.0,0.0,0.0,0.0,0.0,0.0,0.0,0.0,0.0,0.0,0.0,0.0,0.0,0.0,0.0,0.0,0.0,0.0,0.0,0.0,0.0,0.0,0.0,0.0,0.0,0.0,0.0,0.0,0.0,0.0,0.0,0.0,8096.715223316489,8096.715223316489,8096.715223316489,3460.530544,3460.530544,3460.530544,0.0,0.0,0.0,2319.5100810953545,2319.5100810953545,2319.5100810953545,1942.483852805501,1942.483852805501,1942.483852805501,374.19074541563555,374.19074541563555,374.19074541563555,0.0,0.0,0.0,8219.587685037835
2022-09-04,126.33044895010282,5780.949994318461,8312.31181849115,126.33044895010282,126.33044895010282,0.0,0.0,0.0,0.0,0.0,0.0,0.0,0.0,0.0,0.0,0.0,0.0,0.0,0.0,0.0,0.0,0.0,0.0,0.0,0.0,0.0,0.0,0.0,0.0,0.0,0.0,0.0,0.0,0.0,0.0,0.0,0.0,0.0,0.0,0.0,0.0,0.0,0.0,0.0,0.0,0.0,0.0,0.0,0.0,0.0,0.0,0.0,0.0,0.0,0.0,0.0,0.0,0.0,0.0,6900.37868202085,6900.37868202085,6900.37868202085,3460.5305440000025,3460.5305440000025,3460.5305440000025,0.0,0.0,0.0,1052.5002571167086,1052.5002571167086,1052.5002571167086,1942.4838528055006,1942.4838528055006,1942.4838528055006,444.8640280986389,444.8640280986389,444.8640280986389,0.0,0.0,0.0,7026.709130970952
2022-09-11,129.7884361788598,3737.8992347583603,6383.104451554061,129.7884361788598,129.7884361788598,0.0,0.0,0.0,0.0,0.0,0.0,0.0,0.0,0.0,0.0,0.0,0.0,0.0,0.0,0.0,0.0,0.0,0.0,0.0,0.0,0.0,0.0,0.0,0.0,0.0,0.0,0.0,0.0,0.0,0.0,0.0,0.0,0.0,0.0,0.0,0.0,0.0,0.0,0.0,0.0,0.0,0.0,0.0,0.0,0.0,0.0,0.0,0.0,0.0,0.0,0.0,0.0,0.0,0.0,4892.584401817614,4892.584401817614,4892.584401817614,3460.530544000001,3460.530544000001,3460.530544000001,0.0,0.0,0.0,-1044.1427850609198,-1044.1427850609198,-1044.1427850609198,1942.4838528055002,1942.4838528055002,1942.4838528055002,533.7127900730328,533.7127900730328,533.7127900730328,0.0,0.0,0.0,5022.372837996474
2022-09-18,133.246423400671,4804.428951761776,7443.244231138178,133.246423400671,133.246423400671,0.0,0.0,0.0,0.0,0.0,0.0,0.0,0.0,0.0,0.0,0.0,0.0,0.0,0.0,0.0,0.0,0.0,0.0,0.0,0.0,0.0,0.0,0.0,0.0,0.0,0.0,0.0,0.0,0.0,0.0,0.0,0.0,0.0,0.0,0.0,0.0,0.0,0.0,0.0,0.0,0.0,0.0,0.0,0.0,0.0,0.0,0.0,0.0,0.0,0.0,0.0,0.0,0.0,0.0,5951.959012286075,5951.959012286075,5951.959012286075,3460.5305439999966,3460.5305439999966,3460.5305439999966,0.0,0.0,0.0,-85.93326123781485,-85.93326123781485,-85.93326123781485,1942.483852805501,1942.483852805501,1942.483852805501,634.8778767183921,634.8778767183921,634.8778767183921,0.0,0.0,0.0,6085.205435686747
2022-09-25,136.7044106224822,6234.069302779834,8907.544858213063,136.7044106224822,136.7044106224822,0.0,0.0,0.0,0.0,0.0,0.0,0.0,0.0,0.0,0.0,0.0,0.0,0.0,0.0,0.0,0.0,0.0,0.0,0.0,0.0,0.0,0.0,0.0,0.0,0.0,0.0,0.0,0.0,0.0,0.0,0.0,0.0,0.0,0.0,0.0,0.0,0.0,0.0,0.0,0.0,0.0,0.0,0.0,0.0,0.0,0.0,0.0,0.0,0.0,0.0,0.0,0.0,0.0,0.0,7447.116486251978,7447.116486251978,7447.116486251978,3460.5305439999956,3460.5305439999956,3460.5305439999956,0.0,0.0,0.0,1302.9374056878842,1302.9374056878842,1302.9374056878842,1942.4838528055006,1942.4838528055006,1942.4838528055006,741.1646837585997,741.1646837585997,741.1646837585997,0.0,0.0,0.0,7583.82089687446
2022-10-02,140.16239784239613,3961.4749980491124,6431.559870098359,140.16239784239613,140.16239784239613,0.0,0.0,0.0,0.0,0.0,0.0,0.0,0.0,0.0,0.0,0.0,0.0,0.0,0.0,0.0,0.0,0.0,0.0,0.0,0.0,0.0,0.0,0.0,0.0,0.0,0.0,0.0,0.0,0.0,0.0,0.0,0.0,0.0,0.0,0.0,0.0,0.0,0.0,0.0,0.0,0.0,0.0,0.0,0.0,0.0,0.0,0.0,0.0,0.0,0.0,0.0,0.0,0.0,0.0,5028.490749782447,5028.490749782447,5028.490749782447,3460.530543999997,3460.530543999997,3460.530543999997,0.0,0.0,0.0,-1219.0017128684497,-1219.0017128684497,-1219.0017128684497,1942.4838528055006,1942.4838528055006,1942.4838528055006,844.4780658454005,844.4780658454005,844.4780658454005,0.0,0.0,0.0,5168.653147624843
2022-10-09,143.62038506231005,3297.8217100653123,5839.993526572412,143.62038506231005,143.62038506231005,0.0,0.0,0.0,0.0,0.0,0.0,0.0,0.0,0.0,0.0,0.0,0.0,0.0,0.0,0.0,0.0,0.0,0.0,0.0,0.0,0.0,0.0,0.0,0.0,0.0,0.0,0.0,0.0,0.0,0.0,0.0,0.0,0.0,0.0,0.0,0.0,0.0,0.0,0.0,0.0,0.0,0.0,0.0,0.0,0.0,0.0,0.0,0.0,0.0,0.0,0.0,0.0,0.0,0.0,4437.244106051613,4437.244106051613,4437.244106051613,3460.530543999993,3460.530543999993,3460.530543999993,0.0,0.0,0.0,-1902.088276931732,-1902.088276931732,-1902.088276931732,1942.4838528055006,1942.4838528055006,1942.4838528055006,936.3179861778513,936.3179861778513,936.3179861778513,0.0,0.0,0.0,4580.864491113923
2022-10-16,147.07837228783762,5275.744717682475,7769.922375907831,147.07837228783762,147.07837228783762,0.0,0.0,0.0,0.0,0.0,0.0,0.0,0.0,0.0,0.0,0.0,0.0,0.0,0.0,0.0,0.0,0.0,0.0,0.0,0.0,0.0,0.0,0.0,0.0,0.0,0.0,0.0,0.0,0.0,0.0,0.0,0.0,0.0,0.0,0.0,0.0,0.0,0.0,0.0,0.0,0.0,0.0,0.0,0.0,0.0,0.0,0.0,0.0,0.0,0.0,0.0,0.0,0.0,0.0,6422.464805423071,6422.464805423071,6422.464805423071,3460.5305439999975,3460.5305439999975,3460.5305439999975,0.0,0.0,0.0,11.14352208220457,11.14352208220457,11.14352208220457,1942.4838528055009,1942.4838528055009,1942.4838528055009,1008.3068865353679,1008.3068865353679,1008.3068865353679,0.0,0.0,0.0,6569.543177710909
2022-10-23,150.53635950901585,4464.153937506216,7057.4093124566925,150.53635950901585,150.53635950901585,0.0,0.0,0.0,0.0,0.0,0.0,0.0,0.0,0.0,0.0,0.0,0.0,0.0,0.0,0.0,0.0,0.0,0.0,0.0,0.0,0.0,0.0,0.0,0.0,0.0,0.0,0.0,0.0,0.0,0.0,0.0,0.0,0.0,0.0,0.0,0.0,0.0,0.0,0.0,0.0,0.0,0.0,0.0,0.0,0.0,0.0,0.0,0.0,0.0,0.0,0.0,0.0,0.0,0.0,5588.785371622809,5588.785371622809,5588.785371622809,3460.530543999999,3460.530543999999,3460.530543999999,0.0,0.0,0.0,-866.9468304209483,-866.9468304209483,-866.9468304209483,1942.4838528055009,1942.4838528055009,1942.4838528055009,1052.7178052382596,1052.7178052382596,1052.7178052382596,0.0,0.0,0.0,5739.321731131825
2022-10-30,153.9943467301941,5922.1538066433795,8496.868516840414,153.9943467301941,153.9943467301941,0.0,0.0,0.0,0.0,0.0,0.0,0.0,0.0,0.0,0.0,0.0,0.0,0.0,0.0,0.0,0.0,0.0,0.0,0.0,0.0,0.0,0.0,0.0,0.0,0.0,0.0,0.0,0.0,0.0,0.0,0.0,0.0,0.0,0.0,0.0,0.0,0.0,0.0,0.0,0.0,0.0,0.0,0.0,0.0,0.0,0.0,0.0,0.0,0.0,0.0,0.0,0.0,0.0,0.0,7015.383570591413,7015.383570591413,7015.383570591413,3460.5305439999997,3460.5305439999997,3460.5305439999997,0.0,0.0,0.0,549.3970596272492,549.3970596272492,549.3970596272492,1942.4838528055006,1942.4838528055006,1942.4838528055006,1062.9721141586642,1062.9721141586642,1062.9721141586642,0.0,0.0,0.0,7169.377917321607
2022-11-06,157.4523339592435,4848.359888613856,7400.509634116889,157.4523339592435,157.4523339592435,0.0,0.0,0.0,0.0,0.0,0.0,0.0,0.0,0.0,0.0,0.0,0.0,0.0,0.0,0.0,0.0,0.0,0.0,0.0,0.0,0.0,0.0,0.0,0.0,0.0,0.0,0.0,0.0,0.0,0.0,0.0,0.0,0.0,0.0,0.0,0.0,0.0,0.0,0.0,0.0,0.0,0.0,0.0,0.0,0.0,0.0,0.0,0.0,0.0,0.0,0.0,0.0,0.0,0.0,5975.41897008123,5975.41897008123,5975.41897008123,3460.530543999998,3460.530543999998,3460.530543999998,0.0,0.0,0.0,-461.6728223800044,-461.6728223800044,-461.6728223800044,1942.4838528055006,1942.4838528055006,1942.4838528055006,1034.0773956557377,1034.0773956557377,1034.0773956557377,0.0,0.0,0.0,6132.871304040474
2022-11-13,160.9103211882929,5303.2930780991,7817.375718845737,160.9103211882929,160.9103211882929,0.0,0.0,0.0,0.0,0.0,0.0,0.0,0.0,0.0,0.0,0.0,0.0,0.0,0.0,0.0,0.0,0.0,0.0,0.0,0.0,0.0,0.0,0.0,0.0,0.0,0.0,0.0,0.0,0.0,0.0,0.0,0.0,0.0,0.0,0.0,0.0,0.0,0.0,0.0,0.0,0.0,0.0,0.0,0.0,0.0,0.0,0.0,0.0,0.0,0.0,0.0,0.0,0.0,0.0,6421.393639793964,6421.393639793964,6421.393639793964,3460.5305439999966,3460.5305439999966,3460.5305439999966,0.0,0.0,0.0,55.39990050983434,55.39990050983434,55.39990050983434,1942.4838528055006,1942.4838528055006,1942.4838528055006,962.9793424786338,962.9793424786338,962.9793424786338,0.0,0.0,0.0,6582.303960982257
2022-11-20,164.36830842371967,5263.146638072117,7951.439528682597,164.36830842371967,164.36830842371967,0.0,0.0,0.0,0.0,0.0,0.0,0.0,0.0,0.0,0.0,0.0,0.0,0.0,0.0,0.0,0.0,0.0,0.0,0.0,0.0,0.0,0.0,0.0,0.0,0.0,0.0,0.0,0.0,0.0,0.0,0.0,0.0,0.0,0.0,0.0,0.0,0.0,0.0,0.0,0.0,0.0,0.0,0.0,0.0,0.0,0.0,0.0,0.0,0.0,0.0,0.0,0.0,0.0,0.0,6489.837199127489,6489.837199127489,6489.837199127489,3460.5305439999975,3460.5305439999975,3460.5305439999975,0.0,0.0,0.0,238.01635677134044,238.01635677134044,238.01635677134044,1942.4838528055002,1942.4838528055002,1942.4838528055002,848.806445550652,848.806445550652,848.806445550652,0.0,0.0,0.0,6654.205507551209
2022-11-27,167.82629565914644,7630.021206960049,10237.039466218917,167.82629565914644,167.82629565914644,0.0,0.0,0.0,0.0,0.0,0.0,0.0,0.0,0.0,0.0,0.0,0.0,0.0,0.0,0.0,0.0,0.0,0.0,0.0,0.0,0.0,0.0,0.0,0.0,0.0,0.0,0.0,0.0,0.0,0.0,0.0,0.0,0.0,0.0,0.0,0.0,0.0,0.0,0.0,0.0,0.0,0.0,0.0,0.0,0.0,0.0,0.0,0.0,0.0,0.0,0.0,0.0,0.0,0.0,8821.350693114342,8821.350693114342,8821.350693114342,3460.5305439999993,3460.5305439999993,3460.5305439999993,0.0,0.0,0.0,2725.3439408103286,2725.3439408103286,2725.3439408103286,1942.4838528055006,1942.4838528055006,1942.4838528055006,692.9923554985154,692.9923554985154,692.9923554985154,0.0,0.0,0.0,8989.176988773488
2022-12-04,171.2842828945732,6373.675427648425,9000.756789249503,171.2842828945732,171.2842828945732,0.0,0.0,0.0,0.0,0.0,0.0,0.0,0.0,0.0,0.0,0.0,0.0,0.0,0.0,0.0,0.0,0.0,0.0,0.0,0.0,0.0,0.0,0.0,0.0,0.0,0.0,0.0,0.0,0.0,0.0,0.0,0.0,0.0,0.0,0.0,0.0,0.0,0.0,0.0,0.0,0.0,0.0,0.0,0.0,0.0,0.0,0.0,0.0,0.0,0.0,0.0,0.0,0.0,0.0,7455.17657507281,7455.17657507281,7455.17657507281,3460.5305440000034,3460.5305440000034,3460.5305440000034,0.0,0.0,0.0,1552.8943667748583,1552.8943667748583,1552.8943667748583,1942.4838528055006,1942.4838528055006,1942.4838528055006,499.2678114924491,499.2678114924491,499.2678114924491,0.0,0.0,0.0,7626.460857967383
2022-12-11,174.74227012999995,2946.795272456897,5523.371120080637,174.74227012999995,174.74227012999995,0.0,0.0,0.0,0.0,0.0,0.0,0.0,0.0,0.0,0.0,0.0,0.0,0.0,0.0,0.0,0.0,0.0,0.0,0.0,0.0,0.0,0.0,0.0,0.0,0.0,0.0,0.0,0.0,0.0,0.0,0.0,0.0,0.0,0.0,0.0,0.0,0.0,0.0,0.0,0.0,0.0,0.0,0.0,0.0,0.0,0.0,0.0,0.0,0.0,0.0,0.0,0.0,0.0,0.0,4024.914450673781,4024.914450673781,4024.914450673781,3460.5305439999993,3460.5305439999993,3460.5305439999993,0.0,0.0,0.0,-1651.6214678228753,-1651.6214678228753,-1651.6214678228753,1942.4838528055006,1942.4838528055006,1942.4838528055006,273.52152169115794,273.52152169115794,273.52152169115794,0.0,0.0,0.0,4199.656720803781
2022-12-18,178.20025736542672,4237.245968333775,6713.166023307554,178.20025736542672,178.20025736542672,0.0,0.0,0.0,0.0,0.0,0.0,0.0,0.0,0.0,0.0,0.0,0.0,0.0,0.0,0.0,0.0,0.0,0.0,0.0,0.0,0.0,0.0,0.0,0.0,0.0,0.0,0.0,0.0,0.0,0.0,0.0,0.0,0.0,0.0,0.0,0.0,0.0,0.0,0.0,0.0,0.0,0.0,0.0,0.0,0.0,0.0,0.0,0.0,0.0,0.0,0.0,0.0,0.0,0.0,5306.78560017424,5306.78560017424,5306.78560017424,3460.530544,3460.530544,3460.530544,0.0,0.0,0.0,-119.76571814905911,-119.76571814905911,-119.76571814905911,1942.4838528055002,1942.4838528055002,1942.4838528055002,23.536921517799065,23.536921517799065,23.536921517799065,0.0,0.0,0.0,5484.9858575396665
2022-12-25,181.6582446008535,4993.925096618353,7591.70268906572,181.6582446008535,181.6582446008535,0.0,0.0,0.0,0.0,0.0,0.0,-217.24124700000002,-217.24124700000002,-217.24124700000002,0.0,0.0,0.0,0.0,0.0,0.0,0.0,0.0,0.0,0.0,0.0,0.0,0.0,0.0,0.0,0.0,0.0,0.0,0.0,0.0,0.0,0.0,0.0,0.0,0.0,0.0,0.0,0.0,0.0,0.0,0.0,0.0,0.0,0.0,0.0,0.0,0.0,0.0,0.0,0.0,0.0,0.0,0.0,0.0,0.0,6131.386616118801,6131.386616118801,6131.386616118801,3460.530544,3460.530544,3460.530544,-217.24124700000002,-217.24124700000002,-217.24124700000002,1186.9945721904662,1186.9945721904662,1186.9945721904662,1942.4838528055,1942.4838528055,1942.4838528055,-241.38110587716824,-241.38110587716824,-241.38110587716824,0.0,0.0,0.0,6313.044860719654
2023-01-01,185.11623183628026,1493.128303389351,4156.797515094283,185.11623183628026,185.11623183628026,0.0,0.0,0.0,0.0,0.0,0.0,0.0,0.0,0.0,0.0,0.0,0.0,0.0,0.0,0.0,0.0,0.0,0.0,0.0,0.0,0.0,0.0,0.0,0.0,0.0,0.0,0.0,0.0,0.0,0.0,0.0,0.0,0.0,0.0,0.0,0.0,0.0,0.0,0.0,-271.352391,-271.352391,-271.352391,0.0,0.0,0.0,0.0,0.0,0.0,0.0,0.0,0.0,0.0,0.0,0.0,2672.9377746311097,2672.9377746311097,2672.9377746311097,3460.530543999995,3460.530543999995,3460.530543999995,-271.352391,-271.352391,-271.352391,-1947.8551298079876,-1947.8551298079876,-1947.8551298079876,1942.483852805501,1942.483852805501,1942.483852805501,-510.8691013663979,-510.8691013663979,-510.8691013663979,0.0,0.0,0.0,2858.05400646739
2023-01-08,188.57421907170703,1513.6396176494618,3955.3303159531797,188.57421907170703,188.57421907170703,0.0,0.0,0.0,0.0,0.0,0.0,0.0,0.0,0.0,0.0,0.0,0.0,0.0,0.0,0.0,0.0,0.0,0.0,0.0,0.0,0.0,0.0,0.0,0.0,0.0,0.0,0.0,0.0,0.0,0.0,0.0,0.0,0.0,0.0,0.0,0.0,0.0,0.0,0.0,0.0,0.0,0.0,0.0,0.0,0.0,0.0,0.0,0.0,0.0,0.0,0.0,0.0,0.0,0.0,2567.48457763711,2567.48457763711,2567.48457763711,3460.5305439999925,3460.5305439999925,3460.5305439999925,0.0,0.0,0.0,-2061.4979679964244,-2061.4979679964244,-2061.4979679964244,1942.4838528055006,1942.4838528055006,1942.4838528055006,-774.0318511719576,-774.0318511719576,-774.0318511719576,0.0,0.0,0.0,2756.0587967088168
2023-01-15,192.03220630713375,4152.867906717404,6809.967897589815,192.03220630713375,192.03220630713375,0.0,0.0,0.0,0.0,0.0,0.0,0.0,0.0,0.0,0.0,0.0,0.0,0.0,0.0,0.0,0.0,0.0,0.0,0.0,0.0,0.0,0.0,0.0,0.0,0.0,0.0,0.0,0.0,0.0,0.0,0.0,0.0,0.0,0.0,0.0,0.0,0.0,0.0,0.0,0.0,0.0,0.0,0.0,0.0,0.0,0.0,0.0,0.0,0.0,0.0,0.0,0.0,0.0,0.0,5203.726493824359,5203.726493824359,5203.726493824359,3460.5305439999966,3460.5305439999966,3460.5305439999966,0.0,0.0,0.0,820.7158796642644,820.7158796642644,820.7158796642644,1942.4838528055006,1942.4838528055006,1942.4838528055006,-1020.0037826454009,-1020.0037826454009,-1020.0037826454009,0.0,0.0,0.0,5395.758700131492
2023-01-22,195.49019354256052,7555.56034228699,10205.802569330694,195.49019354256052,195.49019354256052,5336.164842,5336.164842,5336.164842,0.0,0.0,0.0,0.0,0.0,0.0,0.0,0.0,0.0,0.0,0.0,0.0,0.0,0.0,0.0,0.0,0.0,0.0,0.0,0.0,0.0,0.0,0.0,0.0,0.0,0.0,0.0,0.0,0.0,0.0,0.0,0.0,0.0,0.0,0.0,0.0,0.0,0.0,0.0,0.0,0.0,0.0,0.0,0.0,0.0,0.0,0.0,0.0,0.0,0.0,0.0,8682.949207699809,8682.949207699809,8682.949207699809,3460.5305439999993,3460.5305439999993,3460.5305439999993,5336.164842,5336.164842,5336.164842,-817.716523606851,-817.716523606851,-817.716523606851,1942.4838528055009,1942.4838528055009,1942.4838528055009,-1238.5135074988395,-1238.5135074988395,-1238.5135074988395,0.0,0.0,0.0,8878.439401242369
2023-01-29,198.9481807779873,3386.178837265029,5917.196356482028,198.9481807779873,198.9481807779873,0.0,0.0,0.0,0.0,0.0,0.0,0.0,0.0,0.0,0.0,0.0,0.0,0.0,0.0,0.0,0.0,0.0,0.0,0.0,0.0,0.0,0.0,0.0,0.0,0.0,0.0,0.0,0.0,0.0,0.0,0.0,0.0,0.0,0.0,0.0,0.0,0.0,0.0,0.0,0.0,0.0,0.0,0.0,0.0,0.0,0.0,0.0,0.0,0.0,0.0,0.0,0.0,0.0,0.0,4441.86273021889,4441.86273021889,4441.86273021889,3460.530543999998,3460.530543999998,3460.530543999998,0.0,0.0,0.0,459.26816685613414,459.26816685613414,459.26816685613414,1942.4838528055002,1942.4838528055002,1942.4838528055002,-1420.4198334427413,-1420.4198334427413,-1420.4198334427413,0.0,0.0,0.0,4640.810910996877
2023-02-05,202.40616801341406,2218.200668458327,4858.118082380856,202.40616801341406,202.40616801341406,0.0,0.0,0.0,0.0,0.0,0.0,0.0,0.0,0.0,0.0,0.0,0.0,0.0,0.0,0.0,0.0,0.0,0.0,0.0,0.0,0.0,0.0,0.0,0.0,0.0,0.0,0.0,0.0,0.0,0.0,0.0,0.0,0.0,0.0,0.0,0.0,0.0,0.0,0.0,0.0,0.0,0.0,0.0,0.0,0.0,0.0,0.0,0.0,0.0,0.0,0.0,0.0,0.0,0.0,3309.7745246320164,3309.7745246320164,3309.7745246320164,3460.5305439999966,3460.5305439999966,3460.5305439999966,0.0,0.0,0.0,-535.0507436065419,-535.0507436065419,-535.0507436065419,1942.4838528055009,1942.4838528055009,1942.4838528055009,-1558.189128566938,-1558.189128566938,-1558.189128566938,0.0,0.0,0.0,3512.1806926454306
2023-02-12,205.86415524884083,2940.012229654179,5636.271781683392,205.8641546506652,205.86415589131565,0.0,0.0,0.0,0.0,0.0,0.0,0.0,0.0,0.0,0.0,0.0,0.0,0.0,0.0,0.0,0.0,0.0,0.0,0.0,0.0,0.0,0.0,0.0,0.0,0.0,0.0,0.0,0.0,0.0,0.0,0.0,0.0,0.0,0.0,0.0,0.0,0.0,0.0,0.0,0.0,0.0,0.0,0.0,0.0,0.0,0.0,0.0,0.0,0.0,0.0,0.0,0.0,0.0,0.0,4059.240514904126,4059.240514904126,4059.240514904126,3460.5305439999966,3460.5305439999966,3460.5305439999966,0.0,0.0,0.0,302.5133306614357,302.5133306614357,302.5133306614357,1942.4838528055009,1942.4838528055009,1942.4838528055009,-1646.287212562807,-1646.287212562807,-1646.287212562807,0.0,0.0,0.0,4265.104670152967
2023-02-19,209.3221424842676,2768.748057004909,5375.852840477415,209.3221401256986,209.3221448899094,0.0,0.0,0.0,0.0,0.0,0.0,0.0,0.0,0.0,0.0,0.0,0.0,0.0,0.0,0.0,0.0,0.0,0.0,0.0,0.0,0.0,0.0,0.0,0.0,0.0,0.0,0.0,0.0,0.0,0.0,0.0,0.0,0.0,0.0,0.0,0.0,0.0,0.0,0.0,0.0,0.0,0.0,0.0,0.0,0.0,0.0,0.0,0.0,0.0,0.0,0.0,0.0,0.0,0.0,3890.5753934137015,3890.5753934137015,3890.5753934137015,3460.5305439999956,3460.5305439999956,3460.5305439999956,0.0,0.0,0.0,169.02477313273144,169.02477313273144,169.02477313273144,1942.4838528055006,1942.4838528055006,1942.4838528055006,-1681.4637765245259,-1681.4637765245259,-1681.4637765245259,0.0,0.0,0.0,4099.897535897969
2023-02-26,212.78012971969437,5406.866159450022,8001.131838292221,212.78012460400336,212.7801350697352,0.0,0.0,0.0,0.0,0.0,0.0,0.0,0.0,0.0,0.0,0.0,0.0,0.0,0.0,0.0,0.0,0.0,0.0,0.0,0.0,0.0,0.0,0.0,0.0,0.0,0.0,0.0,0.0,0.0,0.0,0.0,0.0,0.0,0.0,0.0,0.0,0.0,0.0,0.0,0.0,0.0,0.0,0.0,0.0,0.0,0.0,0.0,0.0,0.0,0.0,0.0,0.0,0.0,0.0,6524.624015046267,6524.624015046267,6524.624015046267,3460.5305439999993,3460.5305439999993,3460.5305439999993,0.0,0.0,0.0,2784.523039702903,2784.523039702903,2784.523039702903,1942.483852805501,1942.483852805501,1942.483852805501,-1662.913421462136,-1662.913421462136,-1662.913421462136,0.0,0.0,0.0,6737.404144765962
2023-03-05,216.23811695512111,4625.385114580499,7232.128295678096,216.23810822621908,216.23812559074796,0.0,0.0,0.0,0.0,0.0,0.0,0.0,0.0,0.0,0.0,0.0,0.0,0.0,0.0,0.0,0.0,0.0,0.0,0.0,0.0,0.0,0.0,0.0,0.0,0.0,0.0,0.0,0.0,0.0,0.0,0.0,0.0,0.0,0.0,0.0,0.0,0.0,0.0,0.0,0.0,0.0,0.0,0.0,0.0,0.0,0.0,0.0,0.0,0.0,0.0,0.0,0.0,0.0,0.0,5715.489372426467,5715.489372426467,5715.489372426467,3460.5305440000025,3460.5305440000025,3460.5305440000025,0.0,0.0,0.0,1904.779380666006,1904.779380666006,1904.779380666006,1942.4838528055006,1942.4838528055006,1942.4838528055006,-1592.304405045042,-1592.304405045042,-1592.304405045042,0.0,0.0,0.0,5931.7274893815875
2023-03-12,219.69610419054789,864.2717276882815,3416.6011153601617,219.6960918136506,219.69611655309936,0.0,0.0,0.0,0.0,0.0,0.0,0.0,0.0,0.0,0.0,0.0,0.0,0.0,0.0,0.0,0.0,0.0,0.0,0.0,0.0,0.0,0.0,0.0,0.0,0.0,0.0,0.0,0.0,0.0,0.0,0.0,0.0,0.0,0.0,0.0,0.0,0.0,0.0,0.0,0.0,0.0,0.0,0.0,0.0,0.0,0.0,0.0,0.0,0.0,0.0,0.0,0.0,0.0,0.0,1986.9112128042289,1986.9112128042289,1986.9112128042289,3460.5305439999997,3460.5305439999997,3460.5305439999997,0.0,0.0,0.0,-1942.4294897710474,-1942.4294897710474,-1942.4294897710474,1942.4838528055002,1942.4838528055002,1942.4838528055002,-1473.6736942302239,-1473.6736942302239,-1473.6736942302239,0.0,0.0,0.0,2206.6073169947767
2023-03-19,223.15409142597466,2713.289239141633,5300.60609979016,223.15407535216366,223.1541088300475,0.0,0.0,0.0,0.0,0.0,0.0,0.0,0.0,0.0,0.0,0.0,0.0,0.0,0.0,0.0,0.0,0.0,0.0,0.0,0.0,0.0,0.0,0.0,0.0,0.0,0.0,0.0,0.0,0.0,0.0,0.0,0.0,0.0,0.0,0.0,0.0,0.0,0.0,0.0,0.0,0.0,0.0,0.0,0.0,0.0,0.0,0.0,0.0,0.0,0.0,0.0,0.0,0.0,0.0,3758.6170008229583,3758.6170008229583,3758.6170008229583,3460.5305439999993,3460.5305439999993,3460.5305439999993,0.0,0.0,0.0,-331.20288919370245,-331.20288919370245,-331.20288919370245,1942.4838528055,1942.4838528055,1942.4838528055,-1313.1945067888387,-1313.1945067888387,-1313.1945067888387,0.0,0.0,0.0,3981.7710922489327
2023-03-26,226.61207866140143,4324.769797309611,6903.9127120386665,226.61205796838115,226.6121010497537,0.0,0.0,0.0,0.0,0.0,0.0,0.0,0.0,0.0,0.0,0.0,0.0,0.0,0.0,0.0,0.0,0.0,0.0,0.0,0.0,0.0,0.0,0.0,0.0,0.0,0.0,0.0,0.0,0.0,0.0,0.0,0.0,0.0,0.0,0.0,0.0,0.0,0.0,0.0,0.0,0.0,0.0,0.0,0.0,0.0,0.0,0.0,0.0,0.0,0.0,0.0,0.0,0.0,0.0,5237.232547064013,5237.232547064013,5237.232547064013,3460.530544,3460.530544,3460.530544,0.0,0.0,0.0,953.0479016568355,953.0479016568355,953.0479016568355,1942.4838528055002,1942.4838528055002,1942.4838528055002,-1118.8297513983232,-1118.8297513983232,-1118.8297513983232,0.0,0.0,0.0,5463.844625725414
2023-04-02,230.0700658968282,1174.4669193173665,3900.3560103147665,230.07003971760872,230.07009336527284,0.0,0.0,0.0,0.0,0.0,0.0,0.0,0.0,0.0,0.0,0.0,0.0,0.0,0.0,0.0,0.0,0.0,0.0,0.0,0.0,0.0,0.0,0.0,0.0,0.0,0.0,0.0,0.0,0.0,0.0,0.0,0.0,0.0,0.0,0.0,0.0,0.0,0.0,0.0,0.0,0.0,0.0,0.0,0.0,0.0,0.0,0.0,0.0,0.0,0.0,0.0,0.0,0.0,0.0,2266.3198567849295,2266.3198567849295,2266.3198567849295,3460.5305439999934,3460.5305439999934,3460.5305439999934,0.0,0.0,0.0,-2236.803311304386,-2236.803311304386,-2236.803311304386,1942.4838528055006,1942.4838528055006,1942.4838528055006,-899.8912287161758,-899.8912287161758,-899.8912287161758,0.0,0.0,0.0,2496.3899226817575
2023-04-09,233.52805313225497,1605.9744962334605,4158.789888725209,233.52801937346197,233.52808650200248,0.0,0.0,0.0,0.0,0.0,0.0,0.0,0.0,0.0,0.0,0.0,0.0,0.0,0.0,0.0,0.0,0.0,0.0,0.0,0.0,0.0,0.0,0.0,0.0,0.0,0.0,0.0,0.0,0.0,0.0,0.0,0.0,0.0,0.0,0.0,0.0,0.0,0.0,0.0,0.0,0.0,0.0,0.0,0.0,0.0,0.0,0.0,0.0,0.0,0.0,0.0,0.0,0.0,0.0,2701.1736856865814,2701.1736856865814,2701.1736856865814,3460.530543999991,3460.530543999991,3460.530543999991,0.0,0.0,0.0,-2035.3109469520602,-2035.3109469520602,-2035.3109469520602,1942.4838528055006,1942.4838528055006,1942.4838528055006,-666.5297641668496,-666.5297641668496,-666.5297641668496,0.0,0.0,0.0,2934.7017388188365
2023-04-16,236.98604036768174,5262.05272067421,7944.822155472718,236.98600067647004,236.98607930914153,0.0,0.0,0.0,0.0,0.0,0.0,0.0,0.0,0.0,0.0,0.0,0.0,0.0,0.0,0.0,0.0,0.0,0.0,0.0,0.0,0.0,0.0,0.0,0.0,0.0,0.0,0.0,0.0,0.0,0.0,0.0,0.0,0.0,0.0,0.0,0.0,0.0,0.0,0.0,0.0,0.0,0.0,0.0,0.0,0.0,0.0,0.0,0.0,0.0,0.0,0.0,0.0,0.0,0.0,6397.406712123366,6397.406712123366,6397.406712123366,3460.5305439999956,3460.5305439999956,3460.5305439999956,0.0,0.0,0.0,1423.5776178713954,1423.5776178713954,1423.5776178713954,1942.4838528055006,1942.4838528055006,1942.4838528055006,-429.1853025535257,-429.1853025535257,-429.1853025535257,0.0,0.0,0.0,6634.392752491048
2023-04-23,240.44402760310845,3535.823059965184,6145.87819910649,240.44398208894566,240.44407210800665,0.0,0.0,0.0,0.0,0.0,0.0,0.0,0.0,0.0,0.0,0.0,0.0,0.0,0.0,0.0,0.0,0.0,0.0,0.0,0.0,0.0,0.0,0.0,0.0,0.0,0.0,0.0,0.0,0.0,0.0,0.0,0.0,0.0,0.0,0.0,0.0,0.0,0.0,0.0,0.0,0.0,0.0,0.0,0.0,0.0,0.0,0.0,0.0,0.0,0.0,0.0,0.0,0.0,0.0,4521.063141440643,4521.063141440643,4521.063141440643,3460.530543999997,3460.530543999997,3460.530543999997,0.0,0.0,0.0,-683.9230712368344,-683.9230712368344,-683.9230712368344,1942.4838528055013,1942.4838528055013,1942.4838528055013,-198.0281841280206,-198.0281841280206,-198.0281841280206,0.0,0.0,0.0,4761.507169043752
2023-04-30,243.90201483853522,4600.344101591832,7284.41779567475,243.90196279436557,243.90206647540975,0.0,0.0,0.0,0.0,0.0,0.0,0.0,0.0,0.0,0.0,0.0,0.0,0.0,0.0,0.0,0.0,0.0,0.0,0.0,0.0,0.0,0.0,0.0,0.0,0.0,0.0,0.0,0.0,0.0,0.0,0.0,0.0,0.0,0.0,0.0,0.0,0.0,0.0,0.0,0.0,0.0,0.0,0.0,0.0,0.0,0.0,0.0,0.0,0.0,0.0,0.0,0.0,0.0,0.0,5728.514173708563,5728.514173708563,5728.514173708563,3460.530543999999,3460.530543999999,3460.530543999999,0.0,0.0,0.0,307.9229936960096,307.9229936960096,307.9229936960096,1942.4838528055009,1942.4838528055009,1942.4838528055009,17.576783207054426,17.576783207054426,17.576783207054426,0.0,0.0,0.0,5972.4161885470985
2023-05-07,247.360002073962,3885.60963596852,6555.654927575232,247.3599432828825,247.3600599622376,0.0,0.0,0.0,0.0,0.0,0.0,0.0,0.0,0.0,0.0,0.0,0.0,0.0,0.0,0.0,0.0,0.0,0.0,0.0,0.0,0.0,0.0,0.0,0.0,0.0,0.0,0.0,0.0,0.0,0.0,0.0,0.0,0.0,0.0,0.0,0.0,0.0,0.0,0.0,0.0,0.0,0.0,0.0,0.0,0.0,0.0,0.0,0.0,0.0,0.0,0.0,0.0,0.0,0.0,5026.230259228405,5026.230259228405,5026.230259228405,3460.5305439999975,3460.5305439999975,3460.5305439999975,0.0,0.0,0.0,-586.3373990581057,-586.3373990581057,-586.3373990581057,1942.483852805501,1942.483852805501,1942.483852805501,209.55326148101366,209.55326148101366,209.55326148101366,0.0,0.0,0.0,5273.590261302367
2023-05-14,250.81798930938876,5405.498377977182,7978.463056409639,250.81792380388143,250.8180536237311,0.0,0.0,0.0,0.0,0.0,0.0,0.0,0.0,0.0,0.0,0.0,0.0,0.0,0.0,0.0,0.0,0.0,0.0,0.0,0.0,0.0,0.0,0.0,0.0,0.0,0.0,0.0,0.0,0.0,0.0,0.0,0.0,0.0,0.0,0.0,0.0,0.0,0.0,0.0,0.0,0.0,0.0,0.0,0.0,0.0,0.0,0.0,0.0,0.0,0.0,0.0,0.0,0.0,0.0,6434.7163656189305,6434.7163656189305,6434.7163656189305,3460.5305439999947,3460.5305439999947,3460.5305439999947,0.0,0.0,0.0,660.1856801658146,660.1856801658146,660.1856801658146,1942.4838528055006,1942.4838528055006,1942.4838528055006,371.5162886476214,371.5162886476214,371.5162886476214,0.0,0.0,0.0,6685.534354928319
2023-05-21,254.27597654481553,4828.169039462064,7317.824609613405,254.2759029534428,254.27604825092536,0.0,0.0,0.0,0.0,0.0,0.0,0.0,0.0,0.0,0.0,0.0,0.0,0.0,0.0,0.0,0.0,0.0,0.0,0.0,0.0,0.0,0.0,0.0,0.0,0.0,0.0,0.0,0.0,0.0,0.0,0.0,0.0,0.0,0.0,0.0,0.0,0.0,0.0,0.0,0.0,0.0,0.0,0.0,0.0,0.0,0.0,0.0,0.0,0.0,0.0,0.0,0.0,0.0,0.0,5920.971595274208,5920.971595274208,5920.971595274208,3460.5305439999966,3460.5305439999966,3460.5305439999966,0.0,0.0,0.0,18.884385372129834,18.884385372129834,18.884385372129834,1942.4838528055009,1942.4838528055009,1942.4838528055009,499.0728130965811,499.0728130965811,499.0728130965811,0.0,0.0,0.0,6175.2475718190235
2023-05-28,257.73396378024233,7503.717370991057,10073.198030250453,257.7338834530995,257.734042570815,0.0,0.0,0.0,0.0,0.0,0.0,0.0,0.0,0.0,0.0,0.0,0.0,0.0,0.0,0.0,0.0,0.0,0.0,0.0,0.0,0.0,0.0,0.0,0.0,0.0,0.0,0.0,0.0,0.0,0.0,0.0,0.0,0.0,0.0,0.0,0.0,0.0,0.0,0.0,0.0,0.0,0.0,0.0,0.0,0.0,0.0,0.0,0.0,0.0,0.0,0.0,0.0,0.0,0.0,8531.11475530292,8531.11475530292,8531.11475530292,3460.5305439999975,3460.5305439999975,3460.5305439999975,0.0,0.0,0.0,2538.0968640059605,2538.0968640059605,2538.0968640059605,1942.4838528055006,1942.4838528055006,1942.4838528055006,590.003494491463,590.003494491463,590.003494491463,0.0,0.0,0.0,8788.848719083162
2023-06-04,261.1919510156691,6985.5147168858475,9617.632276484364,261.19186356688596,261.1920382215937,0.0,0.0,0.0,0.0,0.0,0.0,0.0,0.0,0.0,0.0,0.0,0.0,0.0,0.0,0.0,0.0,0.0,0.0,0.0,0.0,0.0,0.0,0.0,0.0,0.0,0.0,0.0,0.0,0.0,0.0,0.0,0.0,0.0,0.0,0.0,0.0,0.0,0.0,0.0,0.0,0.0,0.0,0.0,0.0,0.0,0.0,0.0,0.0,0.0,0.0,0.0,0.0,0.0,0.0,8059.275256478798,8059.275256478798,8059.275256478798,3460.530544000002,3460.530544000002,3460.530544000002,0.0,0.0,0.0,2011.9445430540284,2011.9445430540284,2011.9445430540284,1942.4838528055006,1942.4838528055006,1942.4838528055006,644.316316619269,644.316316619269,644.316316619269,0.0,0.0,0.0,8320.467207494466
2023-06-11,264.6499382510958,3146.094234271425,5779.780416367928,264.6498425893197,264.65003307875,0.0,0.0,0.0,0.0,0.0,0.0,0.0,0.0,0.0,0.0,0.0,0.0,0.0,0.0,0.0,0.0,0.0,0.0,0.0,0.0,0.0,0.0,0.0,0.0,0.0,0.0,0.0,0.0,0.0,0.0,0.0,0.0,0.0,0.0,0.0,0.0,0.0,0.0,0.0,0.0,0.0,0.0,0.0,0.0,0.0,0.0,0.0,0.0,0.0,0.0,0.0,0.0,0.0,0.0,4140.760701522865,4140.760701522865,4140.760701522865,3460.530543999998,3460.530543999998,3460.530543999998,0.0,0.0,0.0,-1926.4236917574094,-1926.4236917574094,-1926.4236917574094,1942.4838528055009,1942.4838528055009,1942.4838528055009,664.1699964747776,664.1699964747776,664.1699964747776,0.0,0.0,0.0,4405.410639773961
2023-06-18,268.10792548652256,4372.037644876584,6933.949159974088,268.10781933829776,268.1080268305314,0.0,0.0,0.0,0.0,0.0,0.0,0.0,0.0,0.0,0.0,0.0,0.0,0.0,0.0,0.0,0.0,0.0,0.0,0.0,0.0,0.0,0.0,0.0,0.0,0.0,0.0,0.0,0.0,0.0,0.0,0.0,0.0,0.0,0.0,0.0,0.0,0.0,0.0,0.0,0.0,0.0,0.0,0.0,0.0,0.0,0.0,0.0,0.0,0.0,0.0,0.0,0.0,0.0,0.0,5366.8973868956755,5366.8973868956755,5366.8973868956755,3460.530543999999,3460.530543999999,3460.530543999999,0.0,0.0,0.0,-689.7897229793401,-689.7897229793401,-689.7897229793401,1942.4838528055006,1942.4838528055006,1942.4838528055006,653.6727130695168,653.6727130695168,653.6727130695168,0.0,0.0,0.0,5635.005312382198
2023-06-25,271.56591272194936,5549.696240532746,8245.126140697206,271.5657959246795,271.5660211107689,0.0,0.0,0.0,0.0,0.0,0.0,0.0,0.0,0.0,0.0,0.0,0.0,0.0,0.0,0.0,0.0,0.0,0.0,0.0,0.0,0.0,0.0,0.0,0.0,0.0,0.0,0.0,0.0,0.0,0.0,0.0,0.0,0.0,0.0,0.0,0.0,0.0,0.0,0.0,0.0,0.0,0.0,0.0,0.0,0.0,0.0,0.0,0.0,0.0,0.0,0.0,0.0,0.0,0.0,6600.267413363831,6600.267413363831,6600.267413363831,3460.530543999999,3460.530543999999,3460.530543999999,0.0,0.0,0.0,578.6841326270271,578.6841326270271,578.6841326270271,1942.4838528055006,1942.4838528055006,1942.4838528055006,618.5688839313044,618.5688839313044,618.5688839313044,0.0,0.0,0.0,6871.833326085781
2023-07-02,275.0238999573761,2915.5016492933714,5480.87288166844,275.023775470122,275.0240151701142,0.0,0.0,0.0,0.0,0.0,0.0,0.0,0.0,0.0,0.0,0.0,0.0,0.0,0.0,0.0,0.0,0.0,0.0,0.0,0.0,0.0,0.0,0.0,0.0,0.0,0.0,0.0,0.0,0.0,0.0,0.0,0.0,0.0,0.0,0.0,0.0,0.0,0.0,0.0,0.0,0.0,0.0,0.0,0.0,0.0,0.0,0.0,0.0,0.0,0.0,0.0,0.0,0.0,0.0,3949.633011984424,3949.633011984424,3949.633011984424,3460.530544000006,3460.530544000006,3460.530544000006,0.0,0.0,0.0,-2019.2145558032523,-2019.2145558032523,-2019.2145558032523,1942.483852805501,1942.483852805501,1942.483852805501,565.8331709821691,565.8331709821691,565.8331709821691,0.0,0.0,0.0,4224.6569119418
2023-07-09,278.4818871928029,3088.5467968229855,5784.898208282558,278.4817518717675,278.4820109538824,0.0,0.0,0.0,0.0,0.0,0.0,0.0,0.0,0.0,0.0,0.0,0.0,0.0,0.0,0.0,0.0,0.0,0.0,0.0,0.0,0.0,0.0,0.0,0.0,0.0,0.0,0.0,0.0,0.0,0.0,0.0,0.0,0.0,0.0,0.0,0.0,0.0,0.0,0.0,0.0,0.0,0.0,0.0,0.0,0.0,0.0,0.0,0.0,0.0,0.0,0.0,0.0,0.0,0.0,4127.299847499019,4127.299847499019,4127.299847499019,3460.5305439999993,3460.5305439999993,3460.5305439999993,0.0,0.0,0.0,-1778.9107773603291,-1778.9107773603291,-1778.9107773603291,1942.4838528055002,1942.4838528055002,1942.4838528055002,503.19622805385114,503.19622805385114,503.19622805385114,0.0,0.0,0.0,4405.781734691822
2023-07-16,281.93987442822964,6451.574916116387,9118.978483953559,281.9397314606311,281.9400080825407,0.0,0.0,0.0,0.0,0.0,0.0,0.0,0.0,0.0,0.0,0.0,0.0,0.0,0.0,0.0,0.0,0.0,0.0,0.0,0.0,0.0,0.0,0.0,0.0,0.0,0.0,0.0,0.0,0.0,0.0,0.0,0.0,0.0,0.0,0.0,0.0,0.0,0.0,0.0,0.0,0.0,0.0,0.0,0.0,0.0,0.0,0.0,0.0,0.0,0.0,0.0,0.0,0.0,0.0,7457.531235239044,7457.531235239044,7457.531235239044,3460.530544000002,3460.530544000002,3460.530544000002,0.0,0.0,0.0,1615.8862360481348,1615.8862360481348,1615.8862360481348,1942.4838528055006,1942.4838528055006,1942.4838528055006,438.6306023854075,438.6306023854075,438.6306023854075,0.0,0.0,0.0,7739.471109667274
2023-07-23,285.39786166365644,4245.119267862847,6903.852739389871,285.39771080097773,285.3980040810491,0.0,0.0,0.0,0.0,0.0,0.0,0.0,0.0,0.0,0.0,0.0,0.0,0.0,0.0,0.0,0.0,0.0,0.0,0.0,0.0,0.0,0.0,0.0,0.0,0.0,0.0,0.0,0.0,0.0,0.0,0.0,0.0,0.0,0.0,0.0,0.0,0.0,0.0,0.0,0.0,0.0,0.0,0.0,0.0,0.0,0.0,0.0,0.0,0.0,0.0,0.0,0.0,0.0,0.0,5282.026798380435,5282.026798380435,5282.026798380435,3460.530543999998,3460.530543999998,3460.530543999998,0.0,0.0,0.0,-500.81504593165744,-500.81504593165744,-500.81504593165744,1942.4838528055009,1942.4838528055009,1942.4838528055009,379.8274475065958,379.8274475065958,379.8274475065958,0.0,0.0,0.0,5567.424660044092
2023-07-30,288.8558488990832,5107.046346195473,7609.673848938463,288.8556869356277,288.8560019522017,0.0,0.0,0.0,0.0,0.0,0.0,0.0,0.0,0.0,0.0,0.0,0.0,0.0,0.0,0.0,0.0,0.0,0.0,0.0,0.0,0.0,0.0,0.0,0.0,0.0,0.0,0.0,0.0,0.0,0.0,0.0,0.0,0.0,0.0,0.0,0.0,0.0,0.0,0.0,0.0,0.0,0.0,0.0,0.0,0.0,0.0,0.0,0.0,0.0,0.0,0.0,0.0,0.0,0.0,6059.486070163429,6059.486070163429,6059.486070163429,3460.530543999998,3460.530543999998,3460.530543999998,0.0,0.0,0.0,322.7765072066234,322.7765072066234,322.7765072066234,1942.4838528055009,1942.4838528055009,1942.4838528055009,333.695166151307,333.695166151307,333.695166151307,0.0,0.0,0.0,6348.341919062512
2023-08-06,292.3138361345099,4107.370804427258,6792.912489873301,292.31366560363324,292.31399890612886,0.0,0.0,0.0,0.0,0.0,0.0,0.0,0.0,0.0,0.0,0.0,0.0,0.0,0.0,0.0,0.0,0.0,0.0,0.0,0.0,0.0,0.0,0.0,0.0,0.0,0.0,0.0,0.0,0.0,0.0,0.0,0.0,0.0,0.0,0.0,0.0,0.0,0.0,0.0,0.0,0.0,0.0,0.0,0.0,0.0,0.0,0.0,0.0,0.0,0.0,0.0,0.0,0.0,0.0,5201.140691150441,5201.140691150441,5201.140691150441,3460.530543999997,3460.530543999997,3460.530543999997,0.0,0.0,0.0,-507.7834593003606,-507.7834593003606,-507.7834593003606,1942.483852805501,1942.483852805501,1942.483852805501,305.9097536453053,305.9097536453053,305.9097536453053,0.0,0.0,0.0,5493.454527284951
2023-08-13,295.7718233699367,5544.165171541758,8163.594308112942,295.7716410258854,295.7719929913453,0.0,0.0,0.0,0.0,0.0,0.0,0.0,0.0,0.0,0.0,0.0,0.0,0.0,0.0,0.0,0.0,0.0,0.0,0.0,0.0,0.0,0.0,0.0,0.0,0.0,0.0,0.0,0.0,0.0,0.0,0.0,0.0,0.0,0.0,0.0,0.0,0.0,0.0,0.0,0.0,0.0,0.0,0.0,0.0,0.0,0.0,0.0,0.0,0.0,0.0,0.0,0.0,0.0,0.0,6567.312526338124,6567.312526338124,6567.312526338124,3460.5305439999956,3460.5305439999956,3460.5305439999956,0.0,0.0,0.0,863.7545959480423,863.7545959480423,863.7545959480423,1942.4838528055002,1942.4838528055002,1942.4838528055002,300.5435335845879,300.5435335845879,300.5435335845879,0.0,0.0,0.0,6863.084349708061
2023-08-20,299.22981060536347,4497.619783842048,7173.516259359608,299.22961688832817,299.2299881567403,0.0,0.0,0.0,0.0,0.0,0.0,0.0,0.0,0.0,0.0,0.0,0.0,0.0,0.0,0.0,0.0,0.0,0.0,0.0,0.0,0.0,0.0,0.0,0.0,0.0,0.0,0.0,0.0,0.0,0.0,0.0,0.0,0.0,0.0,0.0,0.0,0.0,0.0,0.0,0.0,0.0,0.0,0.0,0.0,0.0,0.0,0.0,0.0,0.0,0.0,0.0,0.0,0.0,0.0,5584.217655140791,5584.217655140791,5584.217655140791,3460.530543999994,3460.530543999994,3460.530543999994,0.0,0.0,0.0,-138.59108929895584,-138.59108929895584,-138.59108929895584,1942.483852805501,1942.483852805501,1942.483852805501,319.79434763425377,319.79434763425377,319.79434763425377,0.0,0.0,0.0,5883.447465746154
2023-08-27,302.68779784079027,6825.131384878545,9510.852164035348,302.6875940845265,302.6879870153822,0.0,0.0,0.0,0.0,0.0,0.0,0.0,0.0,0.0,0.0,0.0,0.0,0.0,0.0,0.0,0.0,0.0,0.0,0.0,0.0,0.0,0.0,0.0,0.0,0.0,0.0,0.0,0.0,0.0,0.0,0.0,0.0,0.0,0.0,0.0,0.0,0.0,0.0,0.0,0.0,0.0,0.0,0.0,0.0,0.0,0.0,0.0,0.0,0.0,0.0,0.0,0.0,0.0,0.0,7901.959225650275,7901.959225650275,7901.959225650275,3460.530543999998,3460.530543999998,3460.530543999998,0.0,0.0,0.0,2135.113480141641,2135.113480141641,2135.113480141641,1942.483852805501,1942.483852805501,1942.483852805501,363.83134870313694,363.83134870313694,363.83134870313694,0.0,0.0,0.0,8204.647023491065
2023-09-03,306.145785076217,6559.862901007758,9292.718643598988,306.14556827368637,306.14598695784383,0.0,0.0,0.0,0.0,0.0,0.0,0.0,0.0,0.0,0.0,0.0,0.0,0.0,0.0,0.0,0.0,0.0,0.0,0.0,0.0,0.0,0.0,0.0,0.0,0.0,0.0,0.0,0.0,0.0,0.0,0.0,0.0,0.0,0.0,0.0,0.0,0.0,0.0,0.0,0.0,0.0,0.0,0.0,0.0,0.0,0.0,0.0,0.0,0.0,0.0,0.0,0.0,0.0,0.0,7631.147011903271,7631.147011903271,7631.147011903271,3460.530544,3460.530544,3460.530544,0.0,0.0,0.0,1797.3659205757717,1797.3659205757717,1797.3659205757717,1942.4838528055013,1942.4838528055013,1942.4838528055013,430.76669452199974,430.76669452199974,430.76669452199974,0.0,0.0,0.0,7937.292796979488
2023-09-10,309.6037723116438,3180.6063484785336,5736.8146707404485,309.60354273894,309.60398449392966,0.0,0.0,0.0,0.0,0.0,0.0,0.0,0.0,0.0,0.0,0.0,0.0,0.0,0.0,0.0,0.0,0.0,0.0,0.0,0.0,0.0,0.0,0.0,0.0,0.0,0.0,0.0,0.0,0.0,0.0,0.0,0.0,0.0,0.0,0.0,0.0,0.0,0.0,0.0,0.0,0.0,0.0,0.0,0.0,0.0,0.0,0.0,0.0,0.0,0.0,0.0,0.0,0.0,0.0,4171.092095809232,4171.092095809232,4171.092095809232,3460.530543999999,3460.530543999999,3460.530543999999,0.0,0.0,0.0,-1748.6773450508856,-1748.6773450508856,-1748.6773450508856,1942.483852805501,1942.483852805501,1942.483852805501,516.7550440546192,516.7550440546192,516.7550440546192,0.0,0.0,0.0,4480.695868120876
2023-09-17,313.0617595470705,3972.0796302965114,6532.009519209697,313.0615195675601,313.06198236172946,0.0,0.0,0.0,0.0,0.0,0.0,0.0,0.0,0.0,0.0,0.0,0.0,0.0,0.0,0.0,0.0,0.0,0.0,0.0,0.0,0.0,0.0,0.0,0.0,0.0,0.0,0.0,0.0,0.0,0.0,0.0,0.0,0.0,0.0,0.0,0.0,0.0,0.0,0.0,0.0,0.0,0.0,0.0,0.0,0.0,0.0,0.0,0.0,0.0,0.0,0.0,0.0,0.0,0.0,4966.14339383991,4966.14339383991,4966.14339383991,3460.530543999997,3460.530543999997,3460.530543999997,0.0,0.0,0.0,-1053.0862538384347,-1053.0862538384347,-1053.0862538384347,1942.4838528055002,1942.4838528055002,1942.4838528055002,616.2152508728478,616.2152508728478,616.2152508728478,0.0,0.0,0.0,5279.20515338698
2023-09-24,316.5197467824973,5223.4765466816925,7793.709829248842,316.51949452117105,316.5199812447887,0.0,0.0,0.0,0.0,0.0,0.0,0.0,0.0,0.0,0.0,0.0,0.0,0.0,0.0,0.0,0.0,0.0,0.0,0.0,0.0,0.0,0.0,0.0,0.0,0.0,0.0,0.0,0.0,0.0,0.0,0.0,0.0,0.0,0.0,0.0,0.0,0.0,0.0,0.0,0.0,0.0,0.0,0.0,0.0,0.0,0.0,0.0,0.0,0.0,0.0,0.0,0.0,0.0,0.0,6244.918594596145,6244.918594596145,6244.918594596145,3460.5305439999997,3460.5305439999997,3460.5305439999997,0.0,0.0,0.0,119.74273687155902,119.74273687155902,119.74273687155902,1942.4838528055002,1942.4838528055002,1942.4838528055002,722.1614609190856,722.1614609190856,722.1614609190856,0.0,0.0,0.0,6561.438341378643
2023-10-01,319.97773401792404,3904.1406312318527,6468.526559280247,319.97747215441626,319.9779805481283,0.0,0.0,0.0,0.0,0.0,0.0,0.0,0.0,0.0,0.0,0.0,0.0,0.0,0.0,0.0,0.0,0.0,0.0,0.0,0.0,0.0,0.0,0.0,0.0,0.0,0.0,0.0,0.0,0.0,0.0,0.0,0.0,0.0,0.0,0.0,0.0,0.0,0.0,0.0,0.0,0.0,0.0,0.0,0.0,0.0,0.0,0.0,0.0,0.0,0.0,0.0,0.0,0.0,0.0,4833.5970122829995,4833.5970122829995,4833.5970122829995,3460.5305439999925,3460.5305439999925,3460.5305439999925,0.0,0.0,0.0,-1396.0417582416758,-1396.0417582416758,-1396.0417582416758,1942.4838528055,1942.4838528055,1942.4838528055,826.6243737191827,826.6243737191827,826.6243737191827,0.0,0.0,0.0,5153.574746300924
2023-10-08,323.43572125335083,4026.2434595679115,6588.740929815308,323.43544195824944,323.4359771378927,0.0,0.0,0.0,0.0,0.0,0.0,0.0,0.0,0.0,0.0,0.0,0.0,0.0,0.0,0.0,0.0,0.0,0.0,0.0,0.0,0.0,0.0,0.0,0.0,0.0,0.0,0.0,0.0,0.0,0.0,0.0,0.0,0.0,0.0,0.0,0.0,0.0,0.0,0.0,0.0,0.0,0.0,0.0,0.0,0.0,0.0,0.0,0.0,0.0,0.0,0.0,0.0,0.0,0.0,4964.181893980254,4964.181893980254,4964.181893980254,3460.5305439999997,3460.5305439999997,3460.5305439999997,0.0,0.0,0.0,-1359.970593059954,-1359.970593059954,-1359.970593059954,1942.4838528055006,1942.4838528055006,1942.4838528055006,921.1380902347091,921.1380902347091,921.1380902347091,0.0,0.0,0.0,5287.617615233605
2023-10-15,326.89370848877763,6777.347431721004,9416.32022529788,326.89341984534644,326.8939760895034,0.0,0.0,0.0,0.0,0.0,0.0,0.0,0.0,0.0,0.0,0.0,0.0,0.0,0.0,0.0,0.0,0.0,0.0,0.0,0.0,0.0,0.0,0.0,0.0,0.0,0.0,0.0,0.0,0.0,0.0,0.0,0.0,0.0,0.0,0.0,0.0,0.0,0.0,0.0,0.0,0.0,0.0,0.0,0.0,0.0,0.0,0.0,0.0,0.0,0.0,0.0,0.0,0.0,0.0,7770.422079862125,7770.422079862125,7770.422079862125,3460.5305439999997,3460.5305439999997,3460.5305439999997,0.0,0.0,0.0,1370.1436260029216,1370.1436260029216,1370.1436260029216,1942.483852805501,1942.483852805501,1942.483852805501,997.2640570537036,997.2640570537036,997.2640570537036,0.0,0.0,0.0,8097.315788350903
2023-10-22,330.3516957242044,5107.166396069631,7742.798806044256,330.35139739047355,330.35197564823136,0.0,0.0,0.0,0.0,0.0,0.0,0.0,0.0,0.0,0.0,0.0,0.0,0.0,0.0,0.0,0.0,0.0,0.0,0.0,0.0,0.0,0.0,0.0,0.0,0.0,0.0,0.0,0.0,0.0,0.0,0.0,0.0,0.0,0.0,0.0,0.0,0.0,0.0,0.0,0.0,0.0,0.0,0.0,0.0,0.0,0.0,0.0,0.0,0.0,0.0,0.0,0.0,0.0,0.0,6159.549593960781,6159.549593960781,6159.549593960781,3460.530544,3460.530544,3460.530544,0.0,0.0,0.0,-290.58615609963016,-290.58615609963016,-290.58615609963016,1942.4838528055002,1942.4838528055002,1942.4838528055002,1047.121353254912,1047.121353254912,1047.121353254912,0.0,0.0,0.0,6489.901289684985
2023-10-29,333.8096829596312,6168.365841008578,8667.531166025561,333.8093738429821,333.8099777406806,0.0,0.0,0.0,0.0,0.0,0.0,0.0,0.0,0.0,0.0,0.0,0.0,0.0,0.0,0.0,0.0,0.0,0.0,0.0,0.0,0.0,0.0,0.0,0.0,0.0,0.0,0.0,0.0,0.0,0.0,0.0,0.0,0.0,0.0,0.0,0.0,0.0,0.0,0.0,0.0,0.0,0.0,0.0,0.0,0.0,0.0,0.0,0.0,0.0,0.0,0.0,0.0,0.0,0.0,7105.34597051939,7105.34597051939,7105.34597051939,3460.530543999997,3460.530543999997,3460.530543999997,0.0,0.0,0.0,638.4394882590954,638.4394882590954,638.4394882590954,1942.4838528055002,1942.4838528055002,1942.4838528055002,1063.8920854547991,1063.8920854547991,1063.8920854547991,0.0,0.0,0.0,7439.155653479022
2023-11-05,337.2676701950579,5182.356698873762,7707.426090358939,337.2673415318907,337.26797844708807,0.0,0.0,0.0,0.0,0.0,0.0,0.0,0.0,0.0,0.0,0.0,0.0,0.0,0.0,0.0,0.0,0.0,0.0,0.0,0.0,0.0,0.0,0.0,0.0,0.0,0.0,0.0,0.0,0.0,0.0,0.0,0.0,0.0,0.0,0.0,0.0,0.0,0.0,0.0,0.0,0.0,0.0,0.0,0.0,0.0,0.0,0.0,0.0,0.0,0.0,0.0,0.0,0.0,0.0,6197.430315189142,6197.430315189142,6197.430315189142,3460.5305439999956,3460.5305439999956,3460.5305439999956,0.0,0.0,0.0,-247.85606929093134,-247.85606929093134,-247.85606929093134,1942.4838528055009,1942.4838528055009,1942.4838528055009,1042.2719876745775,1042.2719876745775,1042.2719876745775,0.0,0.0,0.0,6534.6979853841995
2023-11-12,340.72565743048466,6171.20289532079,8619.986865084413,340.7253158484177,340.7259751078607,0.0,0.0,0.0,0.0,0.0,0.0,0.0,0.0,0.0,0.0,0.0,0.0,-1.97121399e-09,-1.97121399e-09,-1.97121399e-09,0.0,0.0,0.0,0.0,0.0,0.0,0.0,0.0,0.0,0.0,0.0,0.0,0.0,0.0,0.0,0.0,0.0,0.0,0.0,0.0,0.0,0.0,0.0,0.0,0.0,0.0,0.0,0.0,0.0,0.0,0.0,0.0,0.0,0.0,0.0,0.0,0.0,0.0,0.0,7098.9373945956795,7098.9373945956795,7098.9373945956795,3460.530543999993,3460.530543999993,3460.530543999993,-1.97121399e-09,-1.97121399e-09,-1.97121399e-09,717.0836073502372,717.0836073502372,717.0836073502372,1942.4838528055006,1942.4838528055006,1942.4838528055006,978.8393904419194,978.8393904419194,978.8393904419194,0.0,0.0,0.0,7439.663052026164
2023-11-19,344.18364466591146,5152.387301938324,7736.852802310463,344.1832908609755,344.18397387757966,0.0,0.0,0.0,0.0,0.0,0.0,0.0,0.0,0.0,0.0,0.0,0.0,0.0,0.0,0.0,0.0,0.0,0.0,0.0,0.0,0.0,0.0,0.0,0.0,0.0,0.0,0.0,0.0,0.0,0.0,0.0,0.0,0.0,0.0,0.0,0.0,0.0,0.0,0.0,0.0,0.0,0.0,0.0,0.0,0.0,0.0,0.0,0.0,0.0,0.0,0.0,0.0,0.0,0.0,6049.891519319097,6049.891519319097,6049.891519319097,3460.5305439999956,3460.5305439999956,3460.5305439999956,0.0,0.0,0.0,-225.4432297568755,-225.4432297568755,-225.4432297568755,1942.4838528055009,1942.4838528055009,1942.4838528055009,872.3203522704772,872.3203522704772,872.3203522704772,0.0,0.0,0.0,6394.075163985009
2023-11-26,347.6416319013382,6898.740011650109,9496.918096883559,347.6412697690367,347.64197083930054,0.0,0.0,0.0,0.0,0.0,0.0,0.0,0.0,0.0,0.0,0.0,0.0,0.0,0.0,0.0,0.0,0.0,0.0,0.0,0.0,0.0,0.0,0.0,0.0,0.0,0.0,0.0,0.0,0.0,0.0,0.0,0.0,0.0,0.0,0.0,0.0,0.0,0.0,0.0,0.0,0.0,0.0,0.0,0.0,0.0,0.0,0.0,0.0,0.0,0.0,0.0,0.0,0.0,0.0,7874.751528825349,7874.751528825349,7874.751528825349,3460.530543999997,3460.530543999997,3460.530543999997,0.0,0.0,0.0,1748.0034616532705,1748.0034616532705,1748.0034616532705,1942.483852805501,1942.483852805501,1942.483852805501,723.7336703665816,723.7336703665816,723.7336703665816,0.0,0.0,0.0,8222.393160726688
2023-12-03,351.0996191367649,6200.234762832253,8805.44138080822,351.09924807127425,351.0999699219241,0.0,0.0,0.0,0.0,0.0,0.0,0.0,0.0,0.0,0.0,0.0,0.0,0.0,0.0,0.0,0.0,0.0,0.0,0.0,0.0,0.0,0.0,0.0,0.0,0.0,0.0,0.0,0.0,0.0,0.0,0.0,0.0,0.0,0.0,0.0,0.0,0.0,0.0,0.0,0.0,0.0,0.0,0.0,0.0,0.0,0.0,0.0,0.0,0.0,0.0,0.0,0.0,0.0,0.0,7172.463344919141,7172.463344919141,7172.463344919141,3460.530544,3460.530544,3460.530544,0.0,0.0,0.0,1233.042582926487,1233.042582926487,1233.042582926487,1942.4838528055006,1942.4838528055006,1942.4838528055006,536.4063651871533,536.4063651871533,536.4063651871533,0.0,0.0,0.0,7523.5629640559055
2023-12-10,354.55760637219174,3190.870219189861,5810.465782230859,354.5572232787772,354.5579739125787,0.0,0.0,0.0,0.0,0.0,0.0,0.0,0.0,0.0,0.0,0.0,0.0,0.0,0.0,0.0,0.0,0.0,0.0,0.0,0.0,0.0,0.0,0.0,0.0,0.0,0.0,0.0,0.0,0.0,0.0,0.0,0.0,0.0,0.0,0.0,0.0,0.0,0.0,0.0,0.0,0.0,0.0,0.0,0.0,0.0,0.0,0.0,0.0,0.0,0.0,0.0,0.0,0.0,0.0,4120.5042701801995,4120.5042701801995,4120.5042701801995,3460.530543999997,3460.530543999997,3460.530543999997,0.0,0.0,0.0,-1598.3677957542216,-1598.3677957542216,-1598.3677957542216,1942.4838528055002,1942.4838528055002,1942.4838528055002,315.85766912892507,315.85766912892507,315.85766912892507,0.0,0.0,0.0,4475.061876552391
2023-12-17,358.0155936076184,3330.4549582243612,5790.177299686408,358.0151985511539,358.0159741936126,0.0,0.0,0.0,0.0,0.0,0.0,0.0,0.0,0.0,0.0,0.0,0.0,0.0,0.0,0.0,0.0,0.0,0.0,0.0,0.0,0.0,0.0,0.0,0.0,0.0,0.0,0.0,0.0,0.0,0.0,0.0,0.0,0.0,0.0,0.0,0.0,0.0,0.0,0.0,0.0,0.0,0.0,0.0,0.0,0.0,0.0,0.0,0.0,0.0,0.0,0.0,0.0,0.0,0.0,4251.216812188489,4251.216812188489,4251.216812188489,3460.530543999997,3460.530543999997,3460.530543999997,0.0,0.0,0.0,-1221.3546991792398,-1221.3546991792398,-1221.3546991792398,1942.4838528055006,1942.4838528055006,1942.4838528055006,69.55711456223239,69.55711456223239,69.55711456223239,0.0,0.0,0.0,4609.232405796107
2023-12-24,361.4735808430453,3948.527909344845,6512.802882301532,361.47317581801263,361.47397275874215,0.0,0.0,0.0,0.0,0.0,0.0,0.0,0.0,0.0,0.0,0.0,0.0,0.0,0.0,0.0,0.0,0.0,0.0,0.0,0.0,0.0,0.0,0.0,0.0,0.0,0.0,0.0,0.0,0.0,0.0,0.0,0.0,0.0,0.0,0.0,0.0,0.0,0.0,0.0,0.0,0.0,0.0,0.0,0.0,0.0,0.0,0.0,0.0,0.0,0.0,0.0,0.0,0.0,0.0,4886.143392125677,4886.143392125677,4886.143392125677,3460.5305439999975,3460.5305439999975,3460.5305439999975,0.0,0.0,0.0,-323.4405790201933,-323.4405790201933,-323.4405790201933,1942.4838528055006,1942.4838528055006,1942.4838528055006,-193.43042565962818,-193.43042565962818,-193.43042565962818,0.0,0.0,0.0,5247.616972968722
2023-12-31,364.93156807847197,3449.995019665533,5955.265134207611,364.9311507691905,364.93197471794076,0.0,0.0,0.0,0.0,0.0,0.0,0.0,0.0,0.0,0.0,0.0,0.0,0.0,0.0,0.0,0.0,0.0,0.0,0.0,0.0,0.0,0.0,0.0,0.0,0.0,0.0,0.0,0.0,0.0,0.0,0.0,0.0,0.0,0.0,0.0,0.0,0.0,0.0,0.0,0.0,0.0,0.0,0.0,0.0,0.0,0.0,0.0,0.0,0.0,0.0,0.0,0.0,0.0,0.0,4337.588350761959,4337.588350761959,4337.588350761959,3460.5305440000056,3460.5305440000056,3460.5305440000056,0.0,0.0,0.0,-602.5326860591313,-602.5326860591313,-602.5326860591313,1942.4838528055009,1942.4838528055009,1942.4838528055009,-462.8933599844156,-462.8933599844156,-462.8933599844156,0.0,0.0,0.0,4702.519918840431
